order_id,customer_id,order_date,rank
1,476,2023-06-11,2
2,479,2025-06-20,4
3,245,2024-10-28,2
4,494,2023-10-22,4
5,331,2023-03-02,2
6,46,2024-10-29,1
7,274,2025-01-26,5
8,480,2023-02-08,1
9,90,2024-03-03,4
10,91,2025-07-30,5
11,429,2024-02-11,2
12,96,2025-02-05,3
13,475,2023-10-24,1
14,5,2023-11-02,1
15,55,2025-08-08,3
16,146,2024-04-10,1
17,279,2024-06-20,3
18,481,2023-05-18,1
19,240,2023-10-07,1
20,58,2023-12-05,3
21,235,2024-10-25,7
22,96,2023-01-15,1
23,405,2023-10-30,1
24,388,2023-07-17,2
25,439,2024-10-16,2
26,424,2024-03-13,2
27,45,2024-02-15,4
28,95,2023-05-24,1
29,480,2023-09-12,4
30,197,2023-08-30,3
31,137,2023-12-04,1
32,371,2024-08-09,2
33,335,2024-01-04,1
34,32,2024-11-14,2
35,158,2023-06-13,2
36,258,2025-08-03,3
37,361,2025-02-27,5
38,61,2024-10-16,2
39,152,2024-01-12,4
40,113,2023-05-17,1
41,233,2025-02-04,3
42,192,2024-03-01,2
43,468,2024-04-27,1
44,411,2024-11-11,6
45,391,2023-09-11,1
46,306,2025-06-13,2
47,270,2024-04-02,1
48,186,2023-03-21,1
49,58,2023-03-05,1
50,463,2024-06-01,1
51,275,2023-06-03,1
52,438,2024-06-16,3
53,349,2023-07-30,1
54,251,2023-04-04,1
55,229,2025-04-08,4
56,68,2024-06-09,3
57,289,2023-03-01,1
58,345,2025-04-06,6
59,12,2024-02-10,1
60,2,2025-02-02,2
61,38,2023-02-16,1
62,359,2023-03-07,1
63,31,2025-07-04,4
64,479,2024-04-28,2
65,210,2023-07-04,1
66,393,2024-10-18,4
67,331,2024-03-06,3
68,457,2024-01-27,1
69,470,2025-07-17,3
70,42,2024-11-30,2
71,448,2024-07-06,3
72,441,2023-12-23,3
73,276,2024-02-07,2
74,373,2023-08-17,2
75,388,2023-01-24,1
76,238,2024-11-20,2
77,218,2024-06-28,2
78,118,2023-09-11,3
79,80,2023-10-10,1
80,449,2025-01-12,2
81,17,2025-04-08,5
82,315,2025-02-23,6
83,456,2023-01-17,1
84,35,2023-04-14,1
85,229,2024-09-04,3
86,447,2023-02-19,1
87,23,2024-02-16,1
88,277,2023-08-11,1
89,398,2023-02-27,1
90,149,2023-08-28,2
91,375,2024-08-12,2
92,307,2025-03-02,1
93,165,2023-08-31,1
94,74,2024-11-07,3
95,212,2023-11-04,1
96,286,2024-08-28,2
97,467,2023-06-29,1
98,219,2024-07-23,2
99,498,2023-12-19,1
100,344,2024-01-26,2
101,164,2024-12-14,2
102,77,2023-11-04,1
103,387,2024-07-04,1
104,435,2023-08-19,1
105,363,2023-05-28,1
106,469,2023-03-01,1
107,496,2024-03-02,2
108,69,2024-02-02,3
109,105,2023-12-05,1
110,473,2024-04-05,2
111,48,2024-07-02,3
112,98,2023-02-22,1
113,345,2024-09-11,4
114,448,2023-03-16,1
115,390,2024-08-24,2
116,287,2023-08-11,2
117,446,2025-07-17,1
118,490,2025-07-19,3
119,480,2023-07-14,3
120,61,2025-02-03,3
121,246,2025-07-25,5
122,310,2024-12-21,1
123,469,2023-09-03,2
124,398,2023-10-17,2
125,274,2024-10-26,4
126,134,2024-01-04,1
127,255,2024-04-22,4
128,370,2024-04-25,2
129,164,2025-07-25,3
130,161,2024-02-28,1
131,443,2023-08-15,1
132,9,2023-09-25,2
133,300,2024-08-16,4
134,152,2023-06-06,1
135,118,2024-01-24,5
136,126,2024-05-26,2
137,484,2024-12-02,2
138,391,2025-04-21,3
139,371,2024-10-19,3
140,236,2023-06-22,1
141,181,2023-06-23,1
142,280,2024-05-15,4
143,456,2024-07-09,3
144,491,2023-03-02,1
145,430,2025-05-17,5
146,419,2024-11-15,3
147,4,2024-02-27,2
148,323,2023-08-25,2
149,78,2023-01-10,1
150,234,2024-01-18,3
151,327,2024-11-13,4
152,468,2024-05-09,2
153,9,2023-01-07,1
154,211,2023-01-13,1
155,370,2023-10-09,1
156,147,2023-01-18,1
157,358,2024-11-21,1
158,482,2025-07-20,4
159,471,2023-04-09,2
160,124,2023-07-16,1
161,130,2025-04-14,2
162,408,2024-02-11,2
163,492,2024-02-20,1
164,125,2024-12-14,3
165,351,2025-04-27,3
166,335,2025-05-28,2
167,17,2023-04-06,1
168,194,2024-07-19,2
169,327,2023-01-10,1
170,43,2024-05-26,4
171,331,2025-03-14,5
172,440,2023-04-08,1
173,471,2023-02-13,1
174,462,2025-06-07,1
175,291,2024-05-01,3
176,474,2023-03-18,1
177,144,2025-07-09,5
178,337,2023-02-03,1
179,436,2023-11-19,1
180,107,2024-08-24,1
181,421,2024-12-30,3
182,476,2023-03-20,1
183,289,2023-09-04,3
184,435,2024-02-03,2
185,277,2023-12-06,3
186,379,2023-05-24,2
187,353,2025-01-11,3
188,382,2023-12-21,1
189,224,2023-08-26,1
190,175,2024-09-11,2
191,489,2024-09-01,1
192,397,2023-12-01,1
193,140,2025-03-13,2
194,252,2023-08-22,2
195,482,2024-01-20,2
196,349,2024-08-22,3
197,44,2025-03-01,4
198,409,2023-09-10,2
199,43,2023-10-02,1
200,365,2025-03-13,2
201,379,2024-02-03,3
202,55,2023-04-04,1
203,158,2024-03-31,3
204,139,2023-04-15,1
205,96,2024-03-17,2
206,285,2024-06-08,2
207,14,2023-04-02,1
208,48,2024-09-03,4
209,167,2025-06-03,3
210,150,2024-02-28,2
211,44,2025-01-12,3
212,464,2023-09-06,1
213,87,2024-12-02,1
214,72,2023-10-03,2
215,253,2023-05-30,1
216,223,2023-10-10,1
217,248,2025-03-12,4
218,129,2023-09-10,2
219,254,2024-08-31,2
220,235,2023-04-20,1
221,4,2024-02-10,1
222,318,2024-01-25,3
223,169,2024-03-26,1
224,418,2025-04-23,1
225,499,2024-08-31,1
226,165,2024-09-09,5
227,103,2024-05-05,4
228,494,2024-02-12,5
229,150,2025-01-22,4
230,252,2024-08-12,3
231,167,2024-01-21,2
232,403,2024-02-07,1
233,478,2024-07-31,3
234,280,2023-07-04,1
235,282,2023-01-28,2
236,237,2024-12-26,2
237,409,2023-10-26,3
238,36,2025-04-18,1
239,408,2024-02-23,3
240,72,2024-10-10,4
241,130,2024-11-05,1
242,217,2025-03-19,2
243,230,2024-09-04,1
244,206,2024-07-01,2
245,472,2025-06-09,5
246,279,2023-02-07,1
247,185,2024-12-19,3
248,275,2024-08-31,2
249,44,2023-04-22,1
250,337,2024-11-11,3
251,332,2024-09-19,4
252,331,2024-11-24,4
253,496,2025-02-09,4
254,408,2024-03-16,4
255,51,2023-09-22,1
256,383,2024-06-15,2
257,353,2024-08-12,2
258,192,2024-02-05,1
259,348,2024-08-25,1
260,78,2023-12-20,2
261,248,2023-04-18,1
262,472,2023-03-29,1
263,482,2025-01-17,3
264,160,2023-12-18,1
265,106,2024-06-17,4
266,244,2023-04-10,1
267,357,2024-04-08,1
268,154,2023-02-15,1
269,59,2023-01-24,1
270,332,2023-04-22,1
271,85,2025-01-28,6
272,90,2024-07-19,5
273,287,2024-03-12,3
274,119,2025-03-27,1
275,95,2023-07-10,2
276,222,2024-02-10,2
277,315,2025-06-23,7
278,304,2024-03-15,2
279,361,2023-08-08,2
280,386,2024-12-21,1
281,33,2024-08-14,2
282,447,2024-07-03,2
283,167,2023-07-21,1
284,135,2024-11-17,2
285,271,2024-10-16,1
286,199,2024-09-17,4
287,59,2023-12-23,3
288,235,2024-09-24,5
289,345,2024-12-23,5
290,471,2024-09-21,4
291,345,2023-05-18,3
292,123,2023-11-09,1
293,192,2024-12-11,4
294,199,2024-03-04,2
295,295,2024-01-28,1
296,250,2024-10-12,2
297,471,2024-10-22,5
298,89,2024-07-22,1
299,148,2023-05-24,1
300,432,2024-04-06,1
301,444,2024-01-03,2
302,249,2023-05-20,1
303,197,2024-07-29,7
304,254,2024-02-23,1
305,213,2024-12-28,1
306,251,2023-06-21,2
307,16,2025-03-25,2
308,150,2023-02-03,1
309,276,2023-10-23,1
310,235,2024-08-02,4
311,393,2024-05-22,3
312,58,2024-08-09,5
313,397,2024-07-10,3
314,188,2024-07-09,2
315,22,2025-02-17,1
316,280,2023-08-12,2
317,53,2025-01-23,4
318,385,2023-09-11,1
319,17,2024-04-05,3
320,442,2025-04-16,1
321,444,2023-05-01,1
322,122,2023-08-03,1
323,302,2024-12-06,2
324,364,2024-09-16,1
325,85,2024-09-22,5
326,106,2025-04-13,6
327,31,2024-08-06,3
328,144,2024-09-03,3
329,166,2024-12-21,1
330,294,2023-10-01,1
331,264,2025-07-10,2
332,49,2023-05-19,2
333,403,2024-02-26,2
334,142,2025-06-06,5
335,360,2025-06-05,3
336,75,2024-12-29,1
337,127,2025-02-18,1
338,202,2024-05-16,2
339,324,2023-10-03,1
340,193,2024-04-07,1
341,407,2025-06-20,2
342,207,2024-06-11,4
343,356,2025-06-17,3
344,487,2024-05-14,1
345,2,2025-06-08,3
346,376,2023-04-06,1
347,235,2024-10-12,6
348,184,2025-05-20,3
349,274,2024-02-12,2
350,220,2025-04-24,4
351,138,2023-11-27,2
352,173,2024-07-14,1
353,290,2025-05-22,5
354,176,2025-07-04,2
355,25,2023-02-17,1
356,402,2025-05-06,4
357,64,2025-05-28,4
358,234,2023-01-01,1
359,220,2023-07-27,2
360,466,2023-05-16,1
361,155,2023-06-12,1
362,449,2023-10-08,1
363,185,2023-09-14,2
364,341,2025-07-14,2
365,27,2024-02-10,1
366,372,2024-12-17,2
367,220,2024-11-02,3
368,49,2023-01-02,1
369,40,2023-05-16,1
370,266,2024-11-27,1
371,5,2024-12-13,3
372,62,2025-05-30,3
373,68,2024-05-04,2
374,197,2023-04-02,2
375,53,2023-04-16,2
376,452,2023-11-03,2
377,397,2025-04-12,6
378,69,2024-10-18,4
379,74,2023-03-12,1
380,5,2024-09-16,2
381,226,2023-12-26,1
382,322,2025-02-05,1
383,211,2024-09-22,3
384,441,2023-08-11,1
385,52,2023-05-24,1
386,302,2025-01-17,3
387,494,2024-03-15,6
388,72,2023-09-11,1
389,44,2023-09-12,2
390,308,2025-01-08,2
391,399,2024-12-08,2
392,434,2024-11-05,1
393,106,2024-06-14,3
394,97,2025-02-04,4
395,331,2023-02-25,1
396,407,2023-09-03,1
397,58,2023-09-04,2
398,305,2023-03-14,1
399,7,2024-01-05,1
400,68,2024-02-01,1
401,292,2024-03-06,1
402,350,2023-06-26,2
403,489,2025-02-27,2
404,301,2023-03-11,1
405,111,2023-02-10,1
406,486,2025-03-19,3
407,147,2024-10-05,2
408,393,2024-03-01,2
409,206,2023-03-26,1
410,276,2024-09-22,3
411,43,2023-11-14,3
412,472,2023-07-28,3
413,80,2024-07-03,2
414,301,2024-10-11,4
415,333,2024-11-28,3
416,159,2024-12-16,1
417,489,2025-05-16,3
418,126,2023-03-30,1
419,60,2024-04-09,3
420,29,2023-11-13,1
421,337,2025-01-28,4
422,7,2024-12-25,4
423,6,2023-06-17,1
424,178,2024-06-19,2
425,422,2025-01-08,5
426,191,2023-05-10,1
427,448,2023-10-03,2
428,61,2025-02-28,4
429,172,2025-04-06,3
430,269,2023-03-07,1
431,500,2024-08-13,2
432,255,2024-04-11,3
433,29,2024-05-26,2
434,86,2024-01-12,3
435,396,2023-04-16,1
436,346,2025-01-10,1
437,380,2024-06-05,2
438,440,2025-06-02,2
439,24,2024-04-28,2
440,472,2023-06-03,2
441,492,2025-05-28,3
442,412,2025-07-24,2
443,336,2024-03-05,3
444,128,2024-03-02,3
445,164,2023-10-05,1
446,293,2024-01-17,1
447,345,2025-07-12,7
448,115,2025-04-03,3
449,24,2024-02-15,1
450,239,2025-06-05,2
451,433,2023-11-15,1
452,284,2024-04-12,2
453,103,2023-10-26,2
454,156,2025-01-27,1
455,238,2024-01-13,1
456,253,2025-03-02,4
457,376,2025-07-11,5
458,408,2023-09-09,1
459,478,2024-02-24,1
460,278,2023-12-21,2
461,356,2025-06-17,4
462,172,2023-01-02,1
463,193,2025-05-19,3
464,158,2023-04-17,1
465,122,2024-03-05,3
466,31,2023-05-26,2
467,48,2023-02-14,1
468,460,2025-05-15,4
469,359,2025-07-06,6
470,499,2025-02-04,3
471,49,2024-06-01,4
472,420,2024-02-08,2
473,291,2023-03-05,2
474,494,2023-05-14,2
475,134,2025-05-21,3
476,411,2024-02-07,2
477,377,2023-12-01,1
478,140,2023-08-28,1
479,104,2023-05-20,1
480,300,2023-04-22,1
481,85,2024-04-05,2
482,209,2023-05-04,1
483,494,2025-02-27,8
484,158,2024-04-19,4
485,62,2023-04-03,1
486,352,2023-11-08,2
487,357,2024-09-09,2
488,428,2025-05-27,2
489,47,2024-12-29,2
490,183,2024-02-10,1
491,347,2023-11-03,2
492,90,2023-02-01,1
493,438,2024-04-08,2
494,282,2023-09-13,4
495,53,2025-04-03,5
496,63,2023-01-13,1
497,400,2023-08-16,1
498,422,2024-02-15,1
499,323,2024-10-22,3
500,301,2023-09-23,2
501,39,2023-01-23,1
502,102,2025-07-13,1
503,415,2023-05-12,1
504,434,2025-04-29,2
505,63,2023-02-13,2
506,26,2023-06-22,1
507,222,2025-04-21,3
508,255,2023-01-31,1
509,219,2023-06-26,1
510,466,2023-07-11,2
511,229,2025-06-23,5
512,315,2024-09-26,5
513,332,2023-10-30,2
514,452,2024-07-17,4
515,45,2023-10-14,1
516,215,2023-07-24,1
517,409,2024-06-22,5
518,411,2024-07-10,3
519,196,2025-03-11,2
520,246,2024-07-11,3
521,177,2025-07-23,6
522,165,2024-02-02,4
523,14,2023-11-23,2
524,16,2025-07-06,4
525,144,2023-03-01,1
526,242,2024-06-26,1
527,300,2023-08-27,3
528,52,2023-09-11,2
529,137,2024-06-30,2
530,470,2025-01-24,2
531,486,2023-08-13,1
532,409,2024-02-02,4
533,430,2025-05-15,4
534,122,2024-08-29,5
535,378,2024-12-15,2
536,303,2023-01-29,1
537,181,2024-08-04,2
538,289,2023-07-12,2
539,415,2025-06-21,2
540,278,2023-11-13,1
541,20,2023-04-03,1
542,309,2023-08-13,2
543,245,2023-01-01,1
544,315,2023-07-26,2
545,175,2025-01-04,3
546,411,2025-05-14,8
547,31,2023-01-23,1
548,361,2025-07-28,7
549,57,2025-05-16,2
550,187,2023-03-16,1
551,483,2024-11-09,1
552,52,2023-12-11,3
553,70,2023-06-11,1
554,224,2025-03-21,2
555,250,2024-10-26,3
556,363,2024-07-29,2
557,476,2024-09-20,5
558,115,2024-11-12,1
559,90,2024-01-23,2
560,353,2023-10-29,1
561,374,2023-01-02,1
562,486,2024-08-09,2
563,395,2024-08-04,1
564,309,2023-11-22,3
565,496,2024-09-18,3
566,290,2023-04-17,1
567,73,2023-12-06,2
568,122,2023-12-22,2
569,86,2024-10-13,4
570,46,2025-04-21,2
571,328,2025-01-16,2
572,229,2023-01-12,1
573,128,2024-12-10,5
574,132,2025-03-16,2
575,1,2023-02-19,1
576,376,2024-03-05,4
577,453,2024-02-28,1
578,194,2023-12-26,1
579,52,2025-04-28,6
580,443,2024-08-14,2
581,352,2023-08-19,1
582,38,2025-03-29,2
583,151,2023-01-21,1
584,488,2023-04-18,1
585,88,2025-06-28,3
586,375,2023-03-18,1
587,460,2023-04-06,1
588,315,2025-07-03,8
589,16,2024-03-17,1
590,85,2024-09-13,4
591,81,2023-02-24,1
592,106,2023-07-14,2
593,284,2025-01-09,3
594,277,2023-09-29,2
595,153,2023-09-01,1
596,202,2024-08-08,3
597,252,2023-06-07,1
598,2,2024-03-13,1
599,422,2024-11-08,4
600,246,2023-07-24,1
601,106,2023-06-24,1
602,42,2024-04-29,1
603,158,2025-03-14,6
604,251,2025-07-05,4
605,47,2024-10-19,1
606,95,2024-01-15,3
607,190,2023-07-11,1
608,135,2024-03-26,1
609,116,2025-05-07,2
610,32,2023-06-04,1
611,342,2023-04-10,1
612,177,2025-04-07,4
613,498,2025-02-13,2
614,284,2023-03-04,1
615,420,2024-06-19,3
616,275,2024-12-04,3
617,244,2024-08-09,3
618,244,2023-11-03,2
619,463,2025-05-24,2
620,258,2024-08-07,2
621,410,2024-08-08,2
622,318,2023-05-31,2
623,388,2024-04-04,4
624,86,2023-08-05,2
625,65,2023-02-13,1
626,350,2024-03-21,3
627,422,2024-10-04,3
628,305,2023-09-22,2
629,373,2025-07-25,4
630,45,2024-02-02,3
631,283,2023-11-30,2
632,267,2024-04-14,4
633,7,2025-03-16,5
634,301,2024-06-19,3
635,58,2024-02-29,4
636,291,2024-08-25,4
637,494,2023-04-13,1
638,289,2025-03-09,5
639,147,2025-06-07,4
640,177,2025-06-17,5
641,197,2024-11-01,8
642,312,2024-04-29,2
643,142,2024-02-17,2
644,312,2024-11-28,3
645,20,2024-02-10,2
646,170,2024-12-08,3
647,382,2024-05-01,2
648,460,2024-01-17,2
649,419,2025-03-23,4
650,144,2025-05-13,4
651,357,2024-12-02,3
652,445,2023-08-22,1
653,499,2025-01-31,2
654,423,2023-11-25,1
655,214,2024-09-11,1
656,97,2024-03-28,3
657,422,2024-02-21,2
658,389,2024-06-12,1
659,421,2023-02-27,1
660,82,2023-03-09,1
661,260,2024-02-18,1
662,436,2024-06-20,2
663,15,2023-06-27,1
664,427,2023-07-25,1
665,128,2023-02-03,1
666,471,2024-01-05,3
667,141,2024-01-13,1
668,259,2024-02-11,1
669,64,2024-11-28,3
670,191,2024-05-15,3
671,91,2025-06-10,4
672,283,2023-12-25,3
673,429,2025-07-04,5
674,426,2024-12-06,2
675,15,2024-01-31,2
676,438,2024-08-08,4
677,110,2025-05-27,1
678,116,2024-11-24,1
679,334,2024-02-24,1
680,443,2025-03-10,4
681,350,2023-01-10,1
682,68,2024-10-24,4
683,411,2023-01-09,1
684,312,2025-04-04,4
685,365,2024-12-27,1
686,217,2025-07-05,3
687,179,2024-04-15,2
688,239,2023-11-06,1
689,423,2024-09-30,2
690,53,2023-01-08,1
691,340,2025-05-13,2
692,288,2024-10-24,2
693,145,2023-11-02,1
694,247,2023-03-07,1
695,142,2024-10-17,3
696,142,2023-09-25,1
697,488,2025-07-02,2
698,97,2023-06-03,2
699,124,2025-07-10,3
700,439,2025-04-01,3
701,207,2024-11-07,6
702,72,2025-01-08,5
703,255,2023-10-30,2
704,215,2024-02-19,2
705,19,2024-08-20,1
706,293,2025-04-15,2
707,372,2024-12-31,3
708,274,2024-10-15,3
709,465,2024-11-18,2
710,154,2025-05-15,4
711,337,2025-06-16,6
712,151,2023-04-10,2
713,380,2023-09-22,1
714,287,2025-02-20,5
715,485,2024-11-27,2
716,336,2023-04-02,1
717,115,2025-02-01,2
718,216,2025-03-18,2
719,191,2023-09-24,2
720,238,2025-05-21,3
721,28,2025-06-06,3
722,298,2024-09-27,2
723,456,2023-07-19,2
724,445,2024-11-28,2
725,153,2024-02-28,3
726,438,2023-06-04,1
727,103,2023-12-17,3
728,292,2025-07-03,2
729,235,2023-05-27,3
730,367,2023-07-04,1
731,250,2023-12-07,1
732,91,2023-11-17,1
733,3,2024-04-07,2
734,390,2025-03-03,3
735,392,2023-06-12,1
736,391,2025-03-09,2
737,315,2024-03-20,3
738,207,2024-03-15,3
739,197,2023-01-05,1
740,103,2025-01-18,6
741,8,2025-07-02,1
742,427,2024-06-27,3
743,347,2023-01-05,1
744,128,2023-08-20,2
745,177,2023-11-16,2
746,197,2024-05-30,6
747,86,2023-03-08,1
748,153,2023-10-25,2
749,267,2024-09-02,5
750,223,2025-06-28,2
751,69,2023-12-17,2
752,251,2024-01-03,3
753,85,2025-07-17,7
754,207,2023-01-20,1
755,373,2023-05-15,1
756,12,2024-08-26,2
757,64,2024-01-11,1
758,406,2023-02-08,1
759,328,2023-09-19,1
760,320,2023-02-19,1
761,25,2024-11-08,3
762,429,2023-01-21,1
763,60,2024-03-02,2
764,64,2024-07-14,2
765,360,2023-06-06,2
766,352,2024-10-07,3
767,216,2024-11-08,1
768,267,2023-10-04,2
769,359,2023-05-21,2
770,461,2023-04-18,1
771,317,2023-05-01,1
772,402,2023-04-19,1
773,312,2023-07-24,1
774,426,2024-06-19,1
775,184,2024-12-21,2
776,83,2023-02-10,1
777,467,2023-08-01,2
778,247,2023-12-05,2
779,7,2024-11-18,2
780,57,2025-05-05,1
781,253,2023-06-02,2
782,400,2024-06-07,2
783,371,2023-04-14,1
784,330,2023-08-25,1
785,152,2023-09-28,3
786,52,2025-04-12,5
787,21,2025-05-22,2
788,411,2024-11-24,7
789,379,2023-04-29,1
790,389,2025-06-30,2
791,437,2023-05-22,2
792,88,2023-12-03,2
793,225,2024-09-28,3
794,376,2023-04-06,2
795,176,2023-07-07,1
796,205,2024-04-12,1
797,198,2024-12-07,1
798,410,2024-03-07,1
799,409,2023-06-20,1
800,357,2025-01-13,4
801,483,2025-05-14,2
802,214,2025-07-22,2
803,411,2024-08-05,5
804,93,2024-09-17,1
805,184,2024-09-18,1
806,351,2025-06-20,4
807,499,2025-07-02,4
808,472,2024-05-14,4
809,211,2024-03-27,2
810,134,2024-11-01,2
811,361,2025-06-08,6
812,393,2025-01-31,5
813,290,2023-08-18,2
814,343,2025-06-13,3
815,268,2024-12-05,2
816,49,2024-03-19,3
817,128,2024-05-08,4
818,347,2024-10-18,3
819,430,2025-04-26,3
820,314,2023-02-25,1
821,479,2023-06-10,1
822,241,2025-05-22,1
823,85,2023-03-18,1
824,165,2023-09-04,2
825,143,2023-02-21,1
826,282,2024-10-20,6
827,419,2023-08-29,2
828,228,2025-03-31,1
829,46,2025-05-27,3
830,162,2023-05-02,1
831,382,2024-10-31,3
832,207,2024-02-27,2
833,282,2023-01-01,1
834,406,2024-09-10,3
835,327,2023-11-08,3
836,288,2023-07-31,1
837,234,2023-12-16,2
838,28,2025-04-16,2
839,233,2023-12-06,1
840,318,2024-09-06,4
841,337,2024-01-08,2
842,59,2023-04-10,2
843,114,2023-01-03,1
844,425,2024-10-10,2
845,150,2024-07-14,3
846,360,2023-04-19,1
847,85,2024-05-19,3
848,368,2025-01-30,1
849,55,2023-09-18,2
850,97,2023-05-04,1
851,202,2023-08-09,1
852,401,2023-07-15,1
853,56,2025-02-14,2
854,475,2024-10-10,3
855,302,2023-05-07,1
856,231,2024-04-13,2
857,490,2024-05-31,2
858,256,2023-01-05,1
859,25,2024-07-20,2
860,430,2024-08-22,2
861,261,2025-03-10,2
862,91,2024-12-09,3
863,375,2025-04-14,3
864,199,2024-11-04,5
865,452,2023-11-26,3
866,197,2024-03-04,5
867,469,2024-12-10,3
868,141,2024-02-12,2
869,497,2023-10-29,1
870,69,2023-05-22,1
871,359,2025-06-26,5
872,154,2025-05-13,3
873,441,2023-11-18,2
874,479,2024-07-20,3
875,103,2023-08-03,1
876,149,2024-12-04,3
877,345,2023-05-16,2
878,333,2023-07-02,2
879,356,2024-10-14,2
880,60,2025-02-18,4
881,246,2024-08-19,4
882,342,2024-12-28,2
883,383,2025-07-04,3
884,147,2025-06-17,5
885,414,2023-01-14,1
886,13,2024-01-26,1
887,344,2023-02-27,1
888,385,2025-03-15,2
889,147,2024-11-30,3
890,430,2023-03-05,1
891,152,2023-07-28,2
892,17,2024-01-03,2
893,53,2024-09-22,3
894,379,2024-07-29,4
895,381,2024-10-24,1
896,122,2024-06-07,4
897,409,2024-12-13,6
898,341,2023-02-18,1
899,199,2024-03-02,1
900,500,2024-12-02,3
901,283,2023-02-25,1
902,129,2023-07-27,1
903,400,2025-05-31,3
904,425,2023-08-19,1
905,361,2024-12-27,4
906,387,2024-08-25,2
907,309,2023-07-21,1
908,494,2023-07-18,3
909,91,2024-11-30,2
910,493,2023-06-27,1
911,62,2024-01-22,2
912,143,2024-07-23,2
913,83,2024-08-21,3
914,3,2023-12-05,1
915,480,2023-06-08,2
916,476,2023-11-27,3
917,397,2024-10-02,4
918,339,2023-11-05,2
919,294,2024-07-17,2
920,402,2024-12-25,3
921,113,2023-07-08,2
922,403,2024-06-01,3
923,279,2024-07-03,4
924,179,2023-08-15,1
925,340,2023-12-06,1
926,151,2023-08-12,3
927,317,2024-06-27,2
928,288,2025-04-23,3
929,333,2023-01-10,1
930,178,2024-04-01,1
931,329,2024-09-20,1
932,125,2023-02-10,1
933,165,2024-01-26,3
934,484,2023-04-27,1
935,277,2025-01-11,4
936,467,2024-06-13,3
937,192,2024-06-10,3
938,229,2024-05-13,2
939,460,2024-10-29,3
940,264,2023-03-26,1
941,86,2025-03-02,5
942,4,2024-10-03,4
943,344,2024-10-06,3
944,443,2024-12-02,3
945,54,2023-07-30,1
946,360,2025-06-18,4
947,397,2024-03-21,2
948,482,2023-03-15,1
949,79,2023-01-25,1
950,170,2023-02-08,1
951,28,2023-07-02,1
952,286,2023-03-14,1
953,117,2025-07-21,1
954,199,2024-04-06,3
955,222,2023-11-20,1
956,345,2023-05-02,1
957,329,2025-01-07,2
958,388,2025-02-02,5
959,359,2025-05-18,4
960,476,2024-05-29,4
961,403,2024-12-03,4
962,45,2023-10-16,2
963,225,2024-01-26,2
964,339,2023-02-01,1
965,274,2023-08-14,1
966,201,2025-03-26,1
967,280,2023-10-30,3
968,74,2023-11-02,2
969,469,2025-03-25,4
970,332,2024-01-18,3
971,6,2024-07-20,2
972,73,2023-05-07,1
973,294,2024-09-02,3
974,281,2023-03-29,1
975,384,2025-01-29,1
976,177,2023-08-05,1
977,331,2025-05-21,6
978,83,2023-07-08,2
979,428,2023-09-16,1
980,93,2024-11-18,2
981,437,2023-02-25,1
982,478,2024-07-16,2
983,282,2023-03-16,3
984,35,2023-09-14,2
985,372,2024-08-17,1
986,170,2024-01-01,2
987,336,2023-08-29,2
988,318,2023-03-13,1
989,163,2024-05-12,1
990,316,2024-11-06,1
991,300,2023-06-06,2
992,187,2025-04-07,2
993,220,2023-06-22,1
994,127,2025-03-15,2
995,379,2024-10-18,5
996,431,2024-01-04,2
997,376,2023-12-06,3
998,237,2024-04-01,1
999,157,2024-05-13,1
1000,90,2024-10-23,6
1001,431,2023-10-15,1
1002,72,2025-07-01,6
1003,135,2025-01-21,3
1004,40,2025-01-14,3
1005,10,2025-05-19,1
1006,16,2025-04-12,3
1007,208,2025-02-26,3
1008,465,2023-02-07,1
1009,279,2025-07-04,5
1010,242,2024-10-31,3
1011,188,2024-02-06,1
1012,396,2024-08-26,2
1013,149,2023-05-18,1
1014,262,2023-04-03,1
1015,258,2023-01-11,1
1016,435,2025-04-05,5
1017,351,2023-06-19,1
1018,72,2024-04-01,3
1019,290,2024-08-02,4
1020,496,2023-05-30,1
1021,248,2024-01-03,3
1022,390,2024-05-14,1
1023,136,2024-01-14,1
1024,343,2023-07-31,1
1025,406,2024-01-05,2
1026,470,2024-04-10,1
1027,21,2024-10-26,1
1028,361,2024-06-17,3
1029,141,2025-05-04,4
1030,297,2024-07-11,1
1031,193,2024-10-31,2
1032,301,2024-10-31,5
1033,40,2024-06-13,2
1034,499,2025-07-18,5
1035,208,2023-12-28,1
1036,177,2024-05-13,3
1037,455,2024-09-10,1
1038,452,2023-05-23,1
1039,118,2023-03-20,1
1040,144,2023-08-05,2
1041,81,2024-01-06,2
1042,419,2023-05-02,1
1043,213,2025-04-10,2
1044,59,2024-05-08,4
1045,246,2023-08-04,2
1046,332,2025-05-03,5
1047,125,2023-02-14,2
1048,304,2023-06-14,1
1049,263,2023-02-10,1
1050,76,2023-02-27,1
1051,473,2023-07-04,1
1052,208,2024-09-05,2
1053,327,2023-01-20,2
1054,373,2024-11-08,3
1055,485,2023-03-29,1
1056,311,2024-04-27,2
1057,88,2023-08-13,1
1058,308,2023-05-27,1
1059,421,2025-02-24,4
1060,338,2024-06-07,1
1061,371,2024-12-03,4
1062,233,2024-09-02,2
1063,118,2024-01-23,4
1064,56,2023-01-17,1
1065,441,2025-07-20,5
1066,215,2025-04-26,4
1067,50,2023-07-01,1
1068,315,2024-09-06,4
1069,402,2024-06-28,2
1070,61,2023-04-06,1
1071,67,2025-07-12,1
1072,424,2023-01-02,1
1073,397,2024-11-25,5
1074,268,2024-03-06,1
1075,23,2024-12-15,2
1076,118,2025-04-01,6
1077,394,2024-01-26,1
1078,412,2025-01-29,1
1079,429,2024-12-14,4
1080,218,2023-05-18,1
1081,393,2023-08-27,1
1082,43,2023-10-18,2
1083,279,2024-02-23,2
1084,3,2024-12-27,3
1085,4,2024-08-14,3
1086,267,2023-01-08,1
1087,106,2024-12-05,5
1088,210,2024-01-06,2
1089,219,2024-10-29,3
1090,134,2025-05-25,4
1091,290,2024-01-10,3
1092,349,2024-02-11,2
1093,212,2024-07-19,2
1094,248,2023-07-03,2
1095,285,2024-05-10,1
1096,158,2024-08-14,5
1097,362,2024-02-12,1
1098,438,2025-06-03,5
1099,383,2023-08-24,1
1100,359,2023-06-15,3
1101,261,2024-02-15,1
1102,411,2024-07-17,4
1103,351,2024-12-24,2
1104,200,2024-10-13,1
1105,47,2025-04-23,3
1106,475,2024-09-06,2
1107,33,2023-09-27,1
1108,41,2024-09-15,1
1109,197,2024-02-15,4
1110,267,2023-10-21,3
1111,306,2023-02-28,1
1112,420,2023-06-29,1
1113,225,2023-01-11,1
1114,337,2025-04-03,5
1115,100,2023-02-04,1
1116,262,2024-06-12,2
1117,315,2023-06-23,1
1118,185,2023-09-02,1
1119,500,2023-06-11,1
1120,142,2025-03-09,4
1121,343,2024-02-09,2
1122,103,2024-06-14,5
1123,361,2023-03-12,1
1124,282,2023-10-19,5
1125,287,2025-07-25,6
1126,178,2025-04-15,3
1127,311,2023-07-19,1
1128,207,2024-08-11,5
1129,90,2024-02-21,3
1130,287,2023-03-16,1
1131,175,2023-04-30,1
1132,490,2023-09-21,1
1133,417,2025-03-23,2
1134,356,2024-03-29,1
1135,289,2024-05-10,4
1136,388,2023-12-14,3
1137,235,2024-11-28,8
1138,301,2025-06-01,6
1139,60,2023-09-22,1
1140,325,2025-03-18,1
1141,347,2024-12-19,4
1142,162,2024-02-27,2
1143,265,2024-07-02,1
1144,427,2023-09-27,2
1145,48,2024-02-13,2
1146,421,2023-12-17,2
1147,477,2023-07-02,1
1148,182,2023-08-12,1
1149,138,2023-07-07,1
1150,350,2025-07-20,4
1151,378,2023-07-24,1
1152,124,2025-06-12,2
1153,118,2023-07-27,2
1154,429,2024-09-25,3
1155,399,2023-04-20,1
1156,41,2024-11-23,2
1157,253,2024-09-20,3
1158,439,2024-07-08,1
1159,435,2024-05-08,3
1160,162,2024-05-19,3
1161,452,2025-07-07,5
1162,141,2024-05-17,3
1163,392,2025-07-26,2
1164,204,2023-08-16,1
1165,66,2023-02-25,1
1166,217,2024-05-04,1
1167,17,2024-05-29,4
1168,441,2024-12-03,4
1169,235,2023-05-04,2
1170,236,2023-11-20,2
1171,7,2024-11-21,3
1172,298,2023-04-14,1
1173,314,2025-06-01,2
1174,281,2023-09-27,2
1175,242,2024-09-19,2
1176,95,2024-05-25,4
1177,215,2024-12-18,3
1178,187,2025-05-24,3
1179,231,2023-07-04,1
1180,295,2024-12-03,3
1181,52,2025-01-08,4
1182,121,2024-07-22,1
1183,196,2023-07-20,1
1184,492,2025-01-26,2
1185,413,2023-01-10,1
1186,256,2023-05-18,2
1187,435,2024-10-07,4
1188,369,2023-11-20,1
1189,154,2023-09-14,2
1190,291,2023-02-18,1
1191,354,2023-06-17,1
1192,417,2023-09-18,1
1193,323,2023-04-09,1
1194,172,2023-09-24,2
1195,287,2024-07-24,4
1196,132,2023-12-19,1
1197,63,2023-12-26,3
1198,494,2024-09-12,7
1199,295,2024-10-27,2
1200,90,2025-03-10,7
