view_id,user_id,content_id,view_date,minutes_watched
1,274,50,2024-05-05,30
2,180,8,2023-12-15,50
3,222,27,2025-04-06,33
4,207,55,2023-06-21,49
5,248,199,2024-08-23,96
6,35,191,2023-08-21,85
7,254,143,2025-02-28,59
8,199,83,2024-10-19,48
9,102,11,2023-02-07,58
10,97,1,2024-08-07,91
11,9,171,2024-01-17,42
12,174,107,2025-02-06,108
13,4,81,2025-06-01,60
14,44,35,2025-05-13,25
15,267,144,2025-02-23,15
16,70,122,2024-05-21,71
17,283,186,2025-02-18,88
18,62,160,2025-04-10,9
19,163,63,2023-11-16,138
20,218,76,2023-02-09,28
21,29,77,2024-11-11,18
22,133,98,2023-06-06,36
23,175,106,2023-03-18,94
24,39,128,2023-11-12,39
25,209,6,2023-01-27,73
26,168,48,2024-12-29,24
27,71,135,2024-09-09,154
28,52,93,2023-04-27,13
29,136,197,2023-12-08,21
30,64,47,2024-08-13,55
31,299,21,2023-08-26,7
32,142,80,2025-05-11,71
33,278,21,2025-04-11,92
34,282,148,2025-06-10,23
35,280,77,2025-07-17,71
36,153,26,2025-07-05,104
37,21,80,2025-07-29,54
38,48,169,2023-12-08,35
39,27,36,2023-03-12,25
40,3,28,2025-07-01,31
41,22,121,2025-04-08,24
42,208,139,2023-04-20,17
43,82,152,2024-07-28,29
44,127,21,2023-12-09,22
45,95,167,2025-07-29,27
46,9,121,2023-08-12,9
47,87,189,2025-04-21,131
48,123,105,2023-01-06,134
49,140,148,2025-03-24,24
50,97,127,2024-07-14,31
51,31,111,2023-08-05,50
52,99,136,2023-10-27,23
53,70,104,2024-08-27,106
54,297,74,2023-10-03,64
55,64,181,2024-03-06,17
56,255,1,2023-04-28,104
57,98,192,2023-09-17,89
58,66,148,2023-07-08,27
59,298,31,2024-11-18,64
60,68,183,2023-02-11,8
61,128,191,2023-02-17,94
62,37,176,2024-02-09,18
63,112,71,2023-04-26,148
64,2,167,2023-08-04,29
65,8,106,2023-04-20,88
66,106,115,2023-05-28,19
67,64,95,2023-11-29,106
68,194,169,2024-06-15,88
69,141,114,2024-11-10,52
70,75,53,2024-02-03,46
71,97,171,2025-05-28,61
72,125,126,2024-05-15,71
73,224,13,2023-09-16,1
74,222,119,2023-06-12,8
75,31,192,2024-04-14,68
76,149,53,2024-02-28,15
77,148,37,2023-10-18,72
78,91,110,2025-02-26,2
79,243,196,2024-06-26,5
80,233,90,2023-11-07,42
81,115,116,2023-07-25,36
82,245,100,2023-10-04,21
83,246,57,2024-03-24,18
84,9,200,2023-08-29,125
85,197,57,2024-07-18,66
86,75,29,2023-10-02,95
87,268,66,2024-12-07,26
88,140,169,2024-06-12,40
89,207,6,2023-03-06,146
90,55,62,2025-07-09,37
91,130,63,2025-02-14,143
92,295,136,2025-08-01,12
93,255,136,2023-01-04,10
94,11,84,2025-02-25,54
95,291,88,2023-01-02,124
96,100,48,2023-04-22,79
97,218,65,2024-12-13,103
98,140,151,2023-07-24,81
99,206,172,2025-05-12,78
100,290,145,2024-01-01,7
101,195,121,2024-10-01,13
102,126,84,2023-02-16,44
103,183,121,2025-02-16,16
104,273,86,2024-05-19,59
105,221,144,2023-01-17,89
106,40,27,2024-08-01,9
107,119,106,2025-06-06,12
108,105,120,2024-02-27,69
109,38,27,2024-11-28,36
110,226,184,2023-05-19,15
111,110,56,2024-01-15,7
112,19,66,2023-01-12,151
113,210,31,2023-10-15,151
114,231,54,2023-04-06,44
115,122,157,2023-05-02,12
116,129,154,2024-07-03,96
117,124,12,2024-05-02,89
118,142,139,2023-06-21,43
119,4,126,2025-04-16,56
120,211,85,2023-04-13,6
121,258,150,2023-08-23,74
122,143,1,2024-03-13,90
123,183,193,2024-04-08,72
124,85,7,2025-01-26,13
125,293,6,2024-11-14,71
126,99,45,2025-04-22,11
127,120,189,2023-02-16,46
128,101,54,2023-07-22,17
129,152,118,2023-03-04,116
130,116,159,2023-05-18,9
131,61,186,2025-07-23,53
132,188,161,2025-02-13,77
133,222,40,2024-12-05,9
134,82,122,2024-01-23,1
135,88,96,2023-02-05,137
136,90,176,2025-05-13,54
137,56,22,2025-02-21,41
138,109,19,2023-06-07,27
139,56,112,2023-08-23,22
140,137,183,2024-06-16,23
141,285,174,2024-06-27,76
142,300,85,2025-06-26,29
143,81,153,2024-06-29,37
144,111,115,2024-03-11,23
145,228,72,2023-11-20,34
146,110,188,2025-03-28,6
147,101,104,2023-10-30,97
148,275,120,2025-08-07,12
149,298,30,2025-03-26,17
150,28,59,2025-01-24,137
151,58,144,2024-05-05,51
152,298,183,2025-01-25,27
153,70,14,2024-06-14,24
154,276,60,2025-03-29,9
155,124,13,2024-06-04,19
156,124,138,2024-07-19,22
157,174,135,2024-07-04,24
158,133,67,2023-12-07,71
159,70,46,2023-02-15,28
160,252,53,2023-05-24,103
161,113,179,2024-10-13,12
162,266,38,2024-10-01,57
163,37,109,2025-01-08,21
164,165,118,2023-06-18,71
165,173,8,2023-02-03,2
166,14,199,2024-11-11,89
167,13,186,2023-02-01,22
168,166,43,2025-02-14,96
169,300,21,2023-03-26,89
170,98,124,2025-04-04,13
171,225,138,2024-10-25,96
172,30,162,2025-02-05,39
173,14,185,2023-06-03,46
174,161,98,2024-11-19,15
175,259,166,2023-10-24,38
176,134,41,2023-03-29,70
177,76,154,2024-11-15,74
178,277,123,2023-10-22,63
179,268,197,2023-03-20,10
180,90,196,2023-10-23,33
181,22,81,2024-01-24,61
182,21,130,2024-03-21,120
183,14,12,2024-09-05,7
184,2,170,2023-09-25,16
185,194,89,2024-10-13,44
186,46,93,2025-01-11,67
187,141,136,2023-06-03,26
188,194,145,2023-05-06,16
189,212,39,2025-03-27,35
190,262,59,2023-11-26,95
191,26,94,2023-11-14,44
192,296,97,2025-01-17,11
193,283,183,2023-02-10,21
194,241,14,2024-02-21,27
195,124,106,2024-09-08,118
196,182,5,2025-03-01,68
197,95,33,2023-03-08,4
198,138,13,2025-08-08,32
199,201,65,2025-05-04,68
200,64,143,2025-07-26,68
201,3,67,2024-10-02,94
202,133,165,2023-07-01,141
203,243,128,2025-06-20,32
204,265,50,2024-01-23,23
205,97,136,2024-10-25,5
206,205,69,2023-09-06,20
207,34,37,2024-12-14,103
208,152,186,2023-06-24,134
209,293,166,2024-11-16,40
210,209,77,2023-06-12,3
211,125,108,2025-02-13,17
212,189,185,2025-01-12,68
213,221,55,2023-04-17,80
214,129,22,2024-04-18,11
215,200,75,2024-10-08,50
216,81,91,2025-02-07,48
217,149,11,2023-07-11,52
218,118,185,2024-11-22,48
219,175,140,2024-11-30,48
220,151,50,2025-06-05,30
221,12,172,2023-03-28,61
222,194,79,2024-02-26,72
223,149,132,2024-08-12,68
224,259,6,2025-03-01,58
225,56,95,2023-09-05,129
226,266,46,2025-04-30,18
227,170,186,2023-05-18,120
228,32,173,2024-12-05,44
229,20,75,2024-12-04,8
230,150,62,2023-07-29,28
231,107,196,2025-04-23,23
232,100,135,2023-09-21,151
233,162,182,2023-05-06,51
234,114,37,2025-04-05,27
235,47,25,2024-12-29,77
236,233,135,2024-04-22,32
237,279,13,2024-09-13,51
238,124,152,2023-04-04,21
239,102,127,2023-08-10,18
240,208,165,2023-11-27,58
241,21,105,2025-05-25,9
242,40,22,2025-07-29,130
243,255,195,2023-12-02,100
244,49,119,2024-05-27,53
245,283,185,2025-06-03,68
246,5,3,2025-07-22,24
247,107,7,2025-04-10,4
248,55,86,2025-03-08,107
249,58,141,2023-05-11,153
250,269,4,2023-09-08,89
251,194,86,2024-04-28,164
252,255,68,2025-01-16,19
253,62,186,2025-07-18,107
254,2,159,2024-11-27,55
255,201,95,2024-09-16,89
256,69,15,2023-03-20,20
257,37,32,2025-06-10,68
258,295,74,2023-04-22,75
259,116,60,2024-02-11,34
260,245,88,2025-05-08,7
261,72,194,2024-02-22,50
262,88,186,2023-06-11,56
263,259,38,2023-03-17,31
264,232,71,2023-12-10,87
265,215,20,2023-04-05,66
266,19,179,2025-02-02,94
267,151,34,2024-06-16,69
268,209,192,2023-02-13,107
269,188,162,2023-01-22,50
270,173,61,2024-05-19,30
271,203,110,2024-03-21,102
272,24,133,2024-12-11,7
273,60,192,2023-05-12,55
274,10,11,2023-07-17,112
275,29,134,2025-06-25,53
276,185,100,2024-02-12,12
277,14,99,2023-06-07,30
278,38,83,2025-02-02,28
279,52,45,2025-02-25,14
280,131,88,2023-12-31,14
281,221,131,2024-07-17,47
282,224,147,2023-04-22,125
283,249,109,2025-02-20,37
284,108,135,2025-05-01,68
285,149,192,2023-02-11,15
286,124,78,2025-07-06,71
287,3,136,2024-04-03,13
288,176,77,2023-09-01,62
289,282,189,2025-07-04,136
290,70,105,2023-02-17,55
291,120,166,2024-01-19,79
292,64,14,2023-04-15,86
293,190,116,2024-12-08,3
294,25,130,2024-01-13,145
295,298,182,2023-03-08,38
296,147,147,2023-07-06,5
297,232,66,2024-08-19,43
298,207,194,2024-09-04,108
299,294,97,2025-06-09,169
300,152,142,2024-10-19,78
301,234,23,2025-06-29,134
302,152,38,2024-07-02,47
303,297,99,2024-10-14,37
304,128,38,2023-12-05,73
305,53,76,2023-01-22,129
306,159,146,2024-09-25,50
307,90,49,2023-04-21,24
308,115,76,2025-03-10,37
309,221,104,2024-07-31,15
310,209,160,2024-12-17,6
311,286,122,2023-06-08,51
312,61,118,2025-02-21,107
313,16,165,2024-03-28,45
314,111,80,2024-07-29,30
315,267,156,2023-08-14,21
316,186,167,2023-09-07,134
317,71,169,2025-07-07,72
318,9,73,2025-04-27,1
319,177,105,2025-06-27,31
320,73,178,2024-08-02,40
321,223,88,2023-01-31,141
322,76,104,2024-08-27,92
323,279,174,2023-05-31,56
324,137,24,2025-03-13,71
325,196,147,2024-01-23,89
326,209,162,2023-03-16,54
327,111,4,2024-07-29,62
328,219,26,2024-11-19,38
329,98,136,2023-11-18,37
330,173,193,2023-05-04,33
331,99,199,2023-10-01,52
332,278,39,2023-09-04,76
333,160,131,2023-10-06,161
334,21,8,2025-05-02,22
335,245,193,2023-08-18,1
336,4,171,2025-05-22,33
337,223,154,2024-02-05,50
338,33,15,2023-04-30,54
339,199,129,2023-07-26,20
340,42,172,2023-07-17,79
341,172,7,2023-02-19,9
342,193,136,2023-02-27,40
343,143,21,2023-10-28,81
344,38,189,2023-11-26,14
345,233,105,2025-03-03,46
346,268,51,2025-06-11,75
347,227,165,2024-02-26,161
348,74,13,2025-01-17,95
349,113,164,2023-10-14,35
350,9,127,2024-03-27,57
351,145,101,2023-06-16,8
352,230,36,2025-01-13,104
353,211,172,2023-05-14,77
354,71,89,2023-01-20,12
355,252,186,2024-10-02,122
356,197,13,2023-06-14,18
357,135,6,2024-02-11,135
358,274,68,2023-03-10,13
359,102,52,2024-04-09,30
360,46,34,2023-11-18,46
361,88,52,2023-12-20,52
362,56,120,2024-07-11,11
363,238,3,2023-07-29,109
364,85,174,2023-04-15,11
365,84,1,2024-01-24,29
366,113,193,2024-03-08,31
367,263,172,2023-11-22,17
368,240,127,2024-07-13,74
369,177,97,2023-05-05,49
370,112,115,2023-03-18,38
371,158,68,2024-08-29,4
372,87,149,2023-11-27,7
373,73,102,2023-10-29,33
374,23,25,2024-03-17,36
375,146,14,2023-08-31,58
376,105,175,2023-09-14,14
377,204,121,2024-07-01,7
378,73,119,2025-01-28,64
379,263,44,2025-07-26,12
380,39,4,2025-05-03,21
381,48,126,2025-07-04,151
382,275,47,2023-04-15,161
383,100,67,2024-06-15,54
384,88,147,2024-07-13,88
385,252,188,2024-12-04,156
386,225,60,2025-02-15,28
387,119,139,2023-09-06,8
388,264,46,2024-07-10,21
389,210,8,2023-12-13,30
390,294,193,2024-04-05,95
391,12,127,2025-03-15,76
392,279,185,2024-10-13,55
393,207,175,2025-08-07,16
394,233,123,2024-12-17,8
395,207,128,2023-08-30,52
396,266,200,2025-04-06,38
397,8,94,2025-02-21,1
398,193,139,2023-05-28,6
399,88,47,2023-08-18,162
400,179,84,2024-11-21,21
401,45,101,2024-11-26,47
402,8,199,2023-12-10,70
403,230,27,2024-12-04,17
404,208,146,2023-06-03,19
405,268,167,2025-02-27,45
406,38,147,2023-05-23,84
407,291,102,2024-04-12,39
408,21,143,2024-08-27,69
409,138,61,2024-03-16,20
410,278,74,2025-03-13,5
411,82,33,2025-07-02,59
412,20,85,2025-03-28,3
413,118,170,2025-05-11,35
414,222,185,2024-09-04,33
415,260,75,2024-10-25,17
416,153,156,2023-12-12,33
417,284,162,2023-03-09,42
418,44,73,2023-12-22,58
419,280,130,2024-04-13,10
420,226,24,2024-01-01,23
421,121,140,2024-02-16,115
422,200,123,2023-07-20,70
423,96,7,2024-09-22,58
424,141,98,2025-03-09,10
425,33,185,2024-10-04,60
426,254,157,2024-06-28,64
427,197,139,2023-06-03,40
428,295,112,2024-06-01,64
429,79,34,2023-11-24,67
430,296,51,2024-05-20,5
431,273,82,2024-11-28,68
432,1,103,2024-10-20,12
433,122,95,2023-02-23,69
434,16,170,2025-07-05,24
435,200,98,2025-01-15,80
436,170,176,2024-04-12,73
437,20,8,2024-11-20,16
438,86,72,2025-07-10,70
439,91,200,2025-02-03,88
440,192,69,2023-09-15,24
441,269,101,2024-04-16,76
442,202,51,2023-05-24,46
443,151,48,2024-10-15,64
444,69,175,2024-06-29,35
445,201,57,2025-06-06,25
446,280,147,2023-04-16,88
447,208,43,2023-09-24,11
448,168,48,2024-06-29,87
449,248,46,2025-07-24,22
450,200,43,2024-08-12,22
451,207,151,2023-08-15,89
452,114,88,2024-06-26,95
453,53,58,2025-05-31,33
454,55,144,2024-12-28,51
455,190,94,2023-01-27,126
456,266,68,2024-01-31,36
457,167,5,2024-09-16,42
458,250,198,2024-11-27,37
459,134,58,2023-01-08,13
460,157,161,2024-09-30,31
461,263,148,2023-03-18,30
462,58,124,2024-09-05,62
463,85,13,2023-07-23,86
464,298,61,2023-10-03,26
465,20,23,2025-05-08,94
466,108,101,2023-11-11,12
467,167,76,2024-04-09,28
468,168,84,2023-07-27,14
469,111,187,2023-06-27,24
470,110,108,2024-05-02,13
471,122,110,2024-04-03,109
472,163,12,2023-01-17,80
473,137,39,2024-12-14,83
474,56,73,2025-02-27,102
475,45,10,2025-03-05,91
476,91,117,2024-01-28,158
477,271,32,2024-12-13,76
478,269,122,2024-07-28,8
479,68,194,2024-05-04,2
480,140,93,2023-05-13,31
481,264,135,2024-07-25,90
482,206,42,2025-06-30,18
483,170,143,2025-04-08,55
484,214,15,2023-11-29,56
485,299,130,2024-03-01,116
486,276,114,2023-10-14,77
487,86,36,2024-05-19,87
488,262,87,2025-01-28,36
489,278,162,2023-12-14,47
490,217,94,2025-03-26,82
491,148,46,2024-05-29,9
492,156,158,2025-07-21,8
493,43,178,2024-03-14,22
494,14,35,2025-05-21,2
495,21,11,2023-06-09,103
496,158,96,2024-10-16,59
497,119,19,2023-08-31,9
498,60,84,2025-06-08,41
499,36,54,2023-01-06,42
500,175,124,2023-02-04,67
501,105,163,2024-10-10,109
502,285,189,2023-07-06,26
503,146,78,2023-10-19,67
504,269,158,2024-01-28,25
505,252,37,2024-05-26,57
506,217,115,2025-07-09,57
507,150,165,2024-02-28,39
508,4,34,2024-01-11,66
509,86,95,2023-10-22,54
510,36,135,2023-08-12,45
511,279,28,2025-01-24,9
512,98,17,2023-05-10,26
513,74,166,2023-01-08,81
514,157,160,2023-04-05,16
515,194,190,2023-01-09,24
516,267,63,2024-03-01,68
517,251,41,2023-07-28,60
518,177,7,2024-06-29,22
519,242,104,2024-06-15,23
520,234,46,2025-03-16,12
521,180,123,2024-04-20,42
522,134,192,2024-01-07,72
523,137,124,2023-05-19,49
524,80,147,2023-02-03,84
525,73,159,2023-04-03,131
526,233,98,2025-07-10,71
527,124,187,2023-04-15,26
528,28,141,2025-06-08,47
529,226,31,2024-10-22,121
530,90,17,2024-04-13,28
531,102,114,2025-03-17,56
532,290,168,2024-08-19,24
533,15,84,2023-07-06,23
534,80,148,2024-08-03,30
535,110,190,2024-02-26,44
536,52,188,2024-03-13,84
537,300,20,2024-10-17,78
538,121,142,2024-07-17,19
539,122,43,2023-11-29,84
540,187,180,2023-09-08,148
541,277,53,2023-11-24,72
542,158,69,2024-03-03,16
543,251,186,2024-10-22,119
544,253,57,2023-06-15,104
545,202,75,2023-09-11,3
546,293,86,2023-09-25,65
547,296,199,2024-05-25,79
548,60,47,2025-07-03,115
549,299,113,2023-01-03,48
550,293,45,2024-03-26,5
551,83,15,2023-12-06,16
552,240,195,2024-06-23,128
553,58,55,2024-05-17,84
554,71,149,2024-07-25,67
555,125,34,2023-06-02,4
556,51,35,2025-03-23,94
557,204,187,2025-03-20,47
558,28,141,2023-07-12,45
559,20,12,2023-09-29,98
560,284,126,2024-09-13,120
561,266,129,2024-06-02,146
562,225,90,2024-12-01,14
563,191,171,2024-06-10,23
564,95,61,2024-10-14,18
565,202,16,2025-03-28,11
566,104,5,2023-10-12,39
567,121,100,2024-10-22,11
568,294,147,2023-11-25,29
569,236,18,2023-12-22,42
570,108,187,2024-08-07,58
571,48,6,2025-03-08,39
572,296,43,2025-03-08,119
573,179,170,2023-01-25,6
574,156,51,2024-05-04,36
575,262,50,2023-02-28,20
576,101,2,2024-08-13,107
577,241,22,2023-08-04,128
578,48,156,2023-04-28,10
579,204,13,2024-10-10,39
580,78,30,2023-08-01,21
581,61,176,2025-08-04,59
582,210,120,2025-02-09,18
583,28,30,2024-09-12,12
584,60,29,2024-01-27,104
585,54,34,2025-07-24,24
586,22,31,2024-09-24,9
587,229,35,2025-01-10,88
588,271,195,2024-03-24,64
589,102,160,2025-02-03,55
590,19,76,2024-08-08,50
591,221,98,2023-12-12,27
592,275,4,2024-11-07,23
593,234,167,2025-06-16,78
594,267,27,2023-06-03,19
595,91,26,2023-04-03,73
596,12,143,2024-11-30,51
597,269,36,2025-08-02,87
598,5,148,2024-11-11,11
599,69,39,2024-09-02,37
600,193,33,2023-01-18,54
601,100,180,2025-05-17,94
602,180,185,2024-01-25,9
603,1,55,2025-01-02,171
604,292,153,2023-12-20,9
605,299,128,2025-04-23,3
606,50,59,2024-04-09,31
607,73,71,2023-07-15,109
608,184,141,2023-12-01,139
609,188,100,2023-11-11,17
610,109,7,2023-09-23,10
611,80,7,2023-05-25,62
612,28,109,2023-05-07,93
613,83,123,2023-08-25,72
614,254,72,2023-03-03,22
615,32,114,2025-01-06,22
616,221,110,2025-06-01,76
617,12,106,2023-08-22,34
618,65,73,2024-06-27,84
619,55,88,2023-11-24,67
620,82,176,2024-10-08,1
621,114,180,2024-12-28,74
622,17,64,2023-03-02,16
623,9,158,2024-01-07,26
624,255,145,2025-07-25,29
625,189,109,2025-07-03,79
626,34,95,2024-03-29,90
627,191,73,2024-03-11,23
628,127,65,2024-05-06,14
629,71,65,2024-04-17,56
630,2,29,2023-02-15,16
631,61,132,2023-05-06,5
632,107,7,2025-04-05,95
633,212,142,2023-08-24,13
634,231,103,2023-10-10,6
635,251,42,2024-03-09,67
636,22,140,2023-01-14,133
637,50,187,2024-11-17,24
638,230,28,2023-06-01,38
639,16,185,2023-04-21,44
640,32,119,2023-03-28,26
641,261,11,2024-02-23,58
642,53,64,2023-02-25,60
643,118,86,2023-03-23,13
644,148,93,2024-06-27,36
645,252,77,2023-07-24,103
646,206,45,2023-04-27,46
647,101,7,2023-01-18,73
648,223,47,2023-12-24,137
649,271,174,2023-12-30,58
650,219,181,2024-03-15,39
651,130,128,2023-01-31,27
652,62,144,2023-01-06,43
653,102,172,2025-04-02,26
654,207,41,2025-04-22,57
655,131,112,2025-06-29,51
656,224,39,2023-03-22,46
657,300,17,2024-06-21,31
658,71,180,2025-05-24,122
659,10,9,2023-02-28,18
660,207,107,2024-03-11,13
661,160,85,2024-10-03,38
662,13,194,2023-03-11,30
663,26,115,2024-08-25,63
664,240,32,2025-07-24,33
665,20,6,2025-02-05,168
666,135,150,2023-08-30,70
667,283,18,2025-04-20,145
668,139,147,2023-01-04,81
669,128,171,2024-12-25,5
670,163,45,2023-02-13,17
671,257,10,2025-04-07,151
672,153,166,2025-04-30,77
673,255,102,2025-03-13,39
674,271,127,2024-10-16,29
675,34,51,2024-04-19,57
676,62,107,2024-01-27,78
677,285,192,2023-10-27,14
678,211,98,2023-04-12,20
679,111,125,2023-10-21,2
680,249,123,2024-08-07,35
681,128,60,2025-04-30,12
682,166,112,2023-07-07,27
683,264,172,2024-08-28,77
684,149,150,2024-08-05,15
685,229,4,2023-03-10,92
686,136,43,2025-06-23,56
687,72,7,2023-08-08,60
688,27,132,2024-04-16,70
689,88,28,2023-04-02,27
690,29,41,2024-11-07,4
691,133,25,2025-05-20,70
692,43,61,2024-01-14,22
693,293,132,2024-09-01,65
694,300,115,2025-07-11,19
695,58,22,2024-03-31,6
696,276,129,2024-10-02,151
697,149,170,2024-06-04,2
698,37,140,2025-08-08,103
699,134,78,2024-07-01,18
700,83,195,2023-05-04,116
701,183,134,2024-06-09,60
702,293,113,2024-06-03,96
703,225,3,2024-07-06,23
704,32,7,2023-09-23,70
705,24,108,2024-04-30,41
706,243,171,2023-04-06,54
707,93,49,2024-01-25,11
708,154,153,2024-02-17,6
709,44,41,2024-06-07,64
710,139,43,2024-09-06,86
711,217,144,2025-07-14,65
712,78,119,2025-01-13,51
713,297,172,2025-05-18,62
714,26,69,2023-02-14,76
715,182,59,2024-12-31,31
716,133,23,2025-03-20,149
717,217,29,2023-12-30,110
718,23,127,2025-07-10,71
719,128,46,2024-05-14,19
720,284,143,2023-08-18,43
721,194,91,2023-04-20,100
722,236,149,2025-03-28,85
723,204,47,2023-10-27,164
724,24,155,2025-08-06,108
725,145,157,2024-01-21,50
726,280,64,2025-01-07,34
727,220,7,2023-09-30,58
728,262,80,2023-06-05,9
729,228,3,2023-06-06,72
730,174,27,2024-01-31,10
731,82,92,2024-08-16,98
732,125,162,2024-02-21,18
733,278,140,2023-05-09,1
734,258,147,2025-03-19,57
735,137,137,2024-02-14,69
736,257,59,2024-09-20,11
737,224,36,2023-09-22,102
738,246,39,2025-02-09,68
739,228,155,2024-08-12,18
740,218,6,2024-09-30,17
741,46,77,2023-03-17,28
742,58,151,2025-07-06,32
743,184,170,2025-02-12,11
744,105,183,2024-02-22,4
745,120,55,2024-05-01,105
746,1,88,2023-07-11,64
747,23,66,2023-11-25,143
748,262,25,2024-02-15,43
749,12,43,2024-01-04,117
750,143,193,2023-11-06,64
751,75,68,2023-05-08,40
752,50,110,2023-11-22,84
753,17,50,2024-12-14,10
754,141,8,2025-03-17,73
755,214,103,2025-05-15,5
756,241,194,2025-01-28,124
757,34,198,2024-06-12,17
758,133,153,2024-07-05,37
759,280,162,2023-02-12,35
760,278,187,2023-01-03,56
761,206,119,2025-05-03,71
762,75,25,2023-10-06,11
763,227,70,2024-02-28,133
764,54,58,2025-05-09,21
765,95,101,2024-10-03,49
766,136,140,2024-03-08,64
767,298,102,2024-12-14,40
768,282,113,2023-11-16,130
769,196,146,2023-11-16,177
770,47,84,2023-12-15,34
771,161,169,2023-02-20,15
772,64,158,2023-05-19,39
773,93,15,2025-05-15,44
774,245,93,2023-09-10,90
775,196,178,2023-02-15,23
776,59,19,2024-04-30,6
777,217,175,2025-01-15,8
778,117,153,2024-07-04,36
779,203,54,2024-03-07,41
780,128,106,2024-12-27,33
781,52,132,2024-08-16,34
782,168,96,2024-09-05,15
783,195,125,2023-01-08,2
784,13,153,2024-11-02,42
785,294,78,2025-04-06,18
786,153,136,2024-08-17,17
787,92,13,2023-10-28,97
788,193,175,2025-06-04,36
789,286,158,2024-03-21,28
790,255,106,2023-02-21,84
791,224,68,2023-06-15,1
792,160,81,2024-03-09,111
793,187,126,2025-02-13,114
794,175,138,2025-07-02,8
795,293,116,2025-03-12,40
796,164,57,2023-07-16,101
797,260,156,2023-01-30,28
798,67,63,2025-05-27,95
799,133,104,2025-06-15,98
800,67,163,2023-07-08,108
801,173,180,2023-10-24,14
802,56,102,2024-10-09,22
803,178,59,2025-08-05,14
804,5,178,2024-11-22,28
805,83,48,2023-05-02,45
806,78,76,2023-07-05,116
807,220,123,2024-12-11,85
808,243,80,2024-02-15,18
809,162,157,2023-03-10,50
810,15,27,2023-03-22,12
811,144,182,2023-04-13,12
812,191,129,2025-04-14,65
813,274,133,2024-10-16,25
814,31,2,2025-02-17,138
815,8,28,2024-04-30,38
816,265,102,2024-05-07,46
817,254,144,2023-05-11,26
818,41,45,2024-08-14,39
819,184,114,2025-03-15,4
820,140,115,2023-05-19,53
821,135,43,2024-10-15,104
822,218,20,2023-05-31,29
823,85,14,2023-07-28,68
824,129,59,2025-01-23,123
825,176,59,2024-03-16,89
826,198,193,2024-06-29,7
827,237,142,2023-12-25,105
828,87,95,2023-09-29,132
829,90,80,2023-05-11,16
830,286,178,2025-02-08,15
831,258,84,2025-06-18,33
832,186,193,2023-10-02,7
833,17,174,2024-03-15,33
834,157,168,2024-01-12,37
835,240,87,2025-01-27,19
836,101,20,2023-04-25,36
837,100,40,2024-12-31,58
838,147,198,2024-07-04,63
839,44,116,2024-03-24,51
840,106,63,2024-11-11,76
841,86,126,2023-06-23,8
842,99,143,2024-07-05,49
843,87,19,2025-07-08,31
844,182,183,2023-01-13,21
845,278,16,2025-03-31,18
846,199,64,2025-04-26,6
847,131,85,2025-01-01,41
848,100,9,2024-01-31,15
849,167,185,2024-07-12,65
850,75,69,2024-10-01,30
851,170,59,2025-06-21,79
852,7,10,2025-05-28,27
853,264,18,2025-01-02,102
854,226,122,2024-06-01,37
855,264,18,2025-05-12,109
856,177,45,2023-10-13,17
857,131,172,2024-01-04,34
858,135,110,2023-02-24,106
859,273,54,2025-04-19,69
860,186,177,2023-03-09,61
861,112,116,2024-12-22,14
862,8,165,2024-12-03,167
863,165,62,2024-10-21,16
864,76,138,2024-04-12,129
865,263,170,2023-09-19,35
866,198,160,2024-08-04,149
867,218,151,2024-06-24,66
868,80,196,2024-12-08,4
869,157,81,2024-05-07,75
870,69,123,2023-04-18,36
871,231,175,2023-05-21,33
872,193,60,2023-02-07,6
873,277,192,2024-01-26,91
874,130,45,2023-10-02,9
875,105,143,2024-10-26,29
876,231,42,2024-06-17,31
877,122,146,2025-03-22,27
878,78,29,2024-10-23,128
879,16,101,2025-07-31,21
880,291,54,2023-06-26,67
881,264,13,2024-12-29,55
882,86,38,2023-05-05,6
883,60,4,2023-07-09,30
884,90,1,2023-01-17,17
885,268,99,2024-04-17,28
886,195,30,2023-02-16,4
887,261,162,2024-09-03,43
888,286,174,2024-05-07,92
889,198,32,2023-01-12,71
890,43,76,2023-07-13,96
891,197,24,2023-10-23,8
892,121,142,2023-10-24,41
893,125,165,2023-03-29,151
894,262,194,2023-02-18,124
895,142,108,2025-03-12,18
896,100,81,2023-11-13,53
897,162,174,2025-03-20,13
898,18,1,2023-07-23,5
899,235,193,2024-02-18,118
900,94,1,2024-01-14,72
901,169,191,2024-08-25,49
902,225,20,2023-12-06,6
903,24,112,2024-03-19,50
904,217,69,2023-04-05,10
905,7,166,2024-02-07,48
906,154,23,2024-12-26,24
907,116,73,2023-01-02,58
908,278,83,2023-04-13,52
909,138,198,2024-09-25,61
910,22,134,2024-09-21,4
911,189,198,2024-07-29,25
912,221,108,2024-07-15,26
913,151,142,2023-05-25,49
914,274,186,2024-08-04,145
915,208,41,2024-02-02,59
916,8,136,2023-08-28,35
917,222,143,2024-07-22,67
918,290,31,2024-04-28,136
919,249,158,2023-03-16,24
920,16,95,2025-04-02,110
921,93,93,2024-04-09,10
922,292,117,2025-07-07,97
923,12,178,2024-08-31,16
924,65,6,2023-03-31,34
925,221,180,2025-02-21,92
926,233,162,2024-06-18,37
927,287,48,2024-01-25,4
928,155,21,2024-07-20,110
929,3,195,2025-07-07,147
930,189,36,2023-03-16,119
931,185,86,2024-06-06,81
932,61,118,2024-05-13,117
933,149,181,2023-04-03,43
934,71,125,2023-10-31,13
935,95,20,2023-04-09,139
936,283,38,2023-10-15,12
937,207,36,2024-03-22,69
938,91,42,2023-05-25,78
939,245,86,2024-06-08,151
940,39,116,2023-02-24,34
941,188,69,2025-07-27,17
942,54,142,2023-12-21,88
943,151,96,2024-05-12,12
944,164,112,2025-03-09,65
945,65,1,2025-05-15,148
946,73,33,2025-05-14,56
947,188,128,2025-04-30,1
948,295,5,2025-01-21,7
949,33,162,2024-02-13,15
950,176,105,2023-10-09,14
951,236,44,2023-08-05,53
952,70,72,2025-05-17,61
953,91,129,2023-06-16,144
954,168,185,2025-06-25,36
955,3,15,2023-04-02,32
956,267,167,2025-07-23,133
957,94,42,2024-12-06,34
958,232,62,2023-04-03,18
959,215,19,2024-02-03,35
960,192,2,2024-05-08,17
961,31,90,2024-07-29,42
962,31,24,2023-04-29,74
963,191,1,2024-09-17,46
964,238,28,2025-04-15,43
965,45,81,2023-07-10,55
966,42,192,2025-06-20,6
967,186,59,2025-04-16,113
968,28,146,2023-05-20,52
969,23,9,2024-04-18,5
970,221,152,2023-11-18,22
971,8,2,2024-05-10,66
972,45,130,2024-08-10,80
973,288,183,2023-12-02,23
974,151,59,2025-04-10,166
975,73,146,2024-06-18,120
976,212,152,2024-07-22,19
977,110,106,2023-12-19,34
978,132,72,2024-04-28,15
979,212,188,2023-04-01,160
980,264,37,2024-04-30,52
981,160,138,2023-03-26,55
982,37,10,2023-09-22,86
983,24,40,2023-12-27,72
984,207,57,2024-12-02,24
985,36,120,2025-07-02,38
986,110,187,2024-01-04,29
987,132,135,2025-02-21,62
988,173,39,2024-03-06,68
989,31,104,2025-06-01,70
990,280,112,2023-02-09,55
991,230,50,2024-08-25,18
992,113,184,2023-09-15,20
993,278,129,2023-07-19,141
994,156,46,2023-11-22,15
995,196,162,2025-05-20,20
996,208,36,2024-07-07,13
997,170,86,2023-02-24,115
998,228,71,2024-12-22,13
999,202,93,2024-04-04,80
1000,172,91,2023-03-23,47
1001,204,41,2023-07-30,24
1002,5,153,2023-02-04,35
1003,171,197,2023-11-29,7
1004,22,127,2024-10-06,40
1005,15,171,2024-09-06,7
1006,120,26,2023-03-27,26
1007,237,200,2024-06-03,100
1008,49,154,2024-12-04,3
1009,73,85,2025-04-04,19
1010,228,175,2024-02-03,7
1011,91,44,2024-10-11,2
1012,208,184,2024-09-27,24
1013,120,81,2025-04-17,35
1014,43,175,2023-07-01,1
1015,43,171,2023-05-19,12
1016,225,81,2025-03-14,102
1017,290,92,2025-06-11,8
1018,6,41,2025-05-30,54
1019,26,21,2023-11-24,15
1020,173,55,2025-06-02,47
1021,178,168,2024-12-03,88
1022,133,113,2024-10-10,87
1023,17,113,2023-10-17,12
1024,253,26,2025-02-22,114
1025,98,34,2024-04-19,77
1026,282,13,2023-12-29,94
1027,15,60,2024-11-13,5
1028,25,3,2024-02-07,37
1029,111,78,2025-03-02,93
1030,7,53,2024-12-07,115
1031,297,31,2023-01-04,72
1032,179,33,2023-02-02,57
1033,110,110,2023-02-16,65
1034,146,17,2023-03-15,70
1035,154,161,2024-09-20,25
1036,114,168,2023-12-11,113
1037,90,140,2024-01-03,89
1038,125,96,2024-12-03,146
1039,175,38,2023-02-16,47
1040,199,19,2023-02-04,4
1041,209,125,2024-08-06,19
1042,7,165,2023-01-20,102
1043,293,110,2025-07-24,106
1044,281,16,2023-03-17,140
1045,199,184,2024-03-25,31
1046,135,12,2025-03-07,90
1047,124,123,2024-05-27,35
1048,65,184,2025-06-30,14
1049,100,146,2025-05-18,74
1050,158,149,2024-12-16,48
1051,116,6,2023-01-03,101
1052,252,118,2024-01-22,41
1053,172,84,2023-01-09,28
1054,83,163,2023-12-23,3
1055,38,127,2023-08-06,49
1056,161,66,2023-05-14,101
1057,95,74,2023-04-19,118
1058,276,66,2023-07-08,150
1059,32,161,2023-07-11,170
1060,294,180,2025-03-08,39
1061,113,57,2023-11-12,43
1062,49,18,2023-01-16,9
1063,293,11,2024-10-20,54
1064,24,92,2023-09-08,1
1065,277,143,2025-07-24,53
1066,262,65,2023-09-06,2
1067,78,30,2023-04-01,50
1068,202,114,2023-08-14,35
1069,4,73,2025-07-06,87
1070,172,117,2023-12-09,145
1071,285,140,2024-04-06,83
1072,290,48,2023-03-31,44
1073,217,80,2023-06-21,51
1074,24,60,2025-05-13,16
1075,215,172,2025-04-03,23
1076,5,178,2023-05-25,30
1077,190,91,2024-06-17,24
1078,40,66,2024-04-18,119
1079,13,178,2024-09-02,9
1080,1,114,2023-04-28,24
1081,177,42,2023-08-20,92
1082,282,2,2023-07-05,49
1083,221,180,2023-06-22,26
1084,88,18,2023-12-28,135
1085,64,134,2024-08-09,126
1086,3,176,2024-01-10,73
1087,49,112,2023-04-19,15
1088,258,112,2023-08-05,69
1089,191,86,2024-07-17,141
1090,42,187,2024-08-25,57
1091,161,146,2025-02-06,119
1092,241,43,2024-12-21,89
1093,49,98,2024-07-23,67
1094,23,182,2023-02-21,44
1095,122,123,2024-07-01,98
1096,111,18,2024-07-14,97
1097,80,131,2025-07-19,149
1098,246,45,2025-04-02,33
1099,142,85,2025-06-22,20
1100,28,169,2023-04-09,66
1101,71,44,2025-01-09,49
1102,245,42,2023-01-02,7
1103,91,142,2023-08-07,79
1104,151,138,2023-05-11,59
1105,70,170,2023-06-09,4
1106,130,23,2023-10-12,72
1107,250,72,2024-11-01,28
1108,68,192,2025-05-30,68
1109,57,17,2024-03-07,47
1110,296,155,2024-12-28,51
1111,6,173,2023-05-10,95
1112,7,33,2023-02-06,41
1113,107,13,2023-10-11,39
1114,113,34,2023-05-14,57
1115,255,92,2025-05-20,17
1116,53,63,2024-01-17,50
1117,22,199,2025-02-16,17
1118,258,24,2024-03-03,43
1119,25,105,2023-09-17,102
1120,101,1,2024-11-29,15
1121,177,184,2025-03-23,39
1122,119,113,2024-04-12,118
1123,183,102,2025-07-13,38
1124,50,157,2024-07-04,29
1125,68,197,2023-03-14,44
1126,12,167,2023-06-15,23
1127,213,175,2025-06-23,10
1128,241,77,2024-01-23,111
1129,21,41,2024-08-19,68
1130,112,31,2025-03-15,8
1131,135,64,2025-05-12,95
1132,278,71,2023-03-10,100
1133,201,42,2023-06-04,73
1134,42,52,2023-05-02,54
1135,250,4,2024-05-28,8
1136,188,104,2024-07-24,95
1137,214,101,2024-04-16,6
1138,197,60,2024-12-18,26
1139,79,22,2024-08-07,132
1140,202,93,2024-01-06,8
1141,156,149,2023-10-21,33
1142,154,168,2023-02-07,57
1143,221,101,2023-07-21,40
1144,97,184,2023-08-19,37
1145,214,89,2023-01-09,39
1146,193,43,2024-04-09,25
1147,67,44,2024-01-30,9
1148,223,31,2023-04-01,76
1149,76,66,2023-08-10,106
1150,71,190,2023-12-18,143
1151,165,69,2024-11-20,20
1152,52,174,2024-06-11,66
1153,21,137,2025-01-22,64
1154,51,190,2024-09-29,105
1155,76,164,2023-09-03,93
1156,160,183,2023-03-28,22
1157,293,175,2024-01-25,34
1158,113,52,2024-07-27,44
1159,123,35,2025-01-07,73
1160,236,48,2025-06-29,94
1161,30,94,2024-06-28,61
1162,116,63,2023-09-24,52
1163,18,177,2023-09-04,10
1164,41,181,2025-05-04,24
1165,271,128,2024-02-20,4
1166,192,185,2023-10-01,48
1167,240,200,2025-01-15,100
1168,289,173,2023-10-03,64
1169,170,117,2024-02-16,151
1170,138,185,2025-03-01,43
1171,103,93,2023-09-03,56
1172,190,145,2024-04-28,18
1173,202,99,2025-01-15,33
1174,196,17,2024-03-17,27
1175,144,33,2023-03-22,12
1176,176,74,2024-01-14,6
1177,275,179,2025-07-19,2
1178,294,86,2025-08-05,159
1179,157,131,2023-03-31,88
1180,95,195,2024-02-13,153
1181,74,83,2025-03-16,48
1182,295,98,2024-02-11,39
1183,229,47,2023-04-26,62
1184,7,117,2025-06-09,71
1185,70,62,2024-01-12,16
1186,137,47,2024-01-30,32
1187,147,14,2024-11-14,34
1188,279,150,2023-07-20,32
1189,81,107,2025-04-16,15
1190,155,199,2023-11-21,114
1191,159,55,2025-01-05,15
1192,232,146,2024-02-27,57
1193,235,58,2023-04-17,44
1194,10,8,2024-06-30,83
1195,63,127,2024-06-27,46
1196,86,37,2023-05-04,21
1197,189,187,2024-07-16,29
1198,48,143,2023-10-15,41
1199,81,54,2024-01-07,105
1200,144,190,2025-07-06,46
1201,222,130,2025-03-27,118
1202,133,69,2025-05-14,88
1203,256,13,2023-04-26,128
1204,100,165,2023-06-17,166
1205,13,178,2024-06-25,27
1206,175,190,2025-04-20,38
1207,114,114,2024-04-18,116
1208,68,148,2024-03-16,13
1209,166,105,2023-07-12,50
1210,240,1,2023-04-25,72
1211,32,166,2025-04-27,6
1212,183,40,2025-04-13,57
1213,275,17,2023-01-26,48
1214,167,167,2024-06-15,12
1215,19,7,2025-07-31,20
1216,248,175,2023-07-02,17
1217,34,80,2023-07-10,41
1218,238,170,2025-05-17,13
1219,62,109,2023-01-28,78
1220,117,147,2024-12-09,32
1221,112,196,2024-02-12,34
1222,45,127,2023-06-18,5
1223,102,32,2023-07-22,49
1224,178,90,2024-12-27,10
1225,266,199,2024-02-05,23
1226,14,154,2024-10-22,24
1227,295,186,2024-10-08,125
1228,127,89,2023-05-11,48
1229,181,169,2024-11-30,28
1230,121,38,2023-06-23,20
1231,227,59,2024-12-17,158
1232,98,134,2024-09-09,156
1233,90,1,2023-10-22,94
1234,243,177,2024-12-11,29
1235,182,58,2023-05-13,15
1236,217,110,2023-03-31,65
1237,180,9,2024-04-25,26
1238,47,13,2024-07-18,118
1239,24,131,2023-07-11,100
1240,255,31,2025-02-21,130
1241,82,52,2024-01-26,5
1242,51,4,2024-05-18,16
1243,80,102,2023-04-13,23
1244,284,57,2025-07-03,72
1245,287,162,2023-07-07,46
1246,46,127,2024-11-13,81
1247,223,182,2025-02-19,34
1248,274,67,2025-03-09,52
1249,245,52,2023-11-29,57
1250,135,34,2023-05-29,27
1251,111,177,2023-06-06,19
1252,83,183,2024-06-04,1
1253,55,194,2024-09-14,75
1254,130,40,2023-12-21,72
1255,290,40,2025-01-04,24
1256,92,188,2023-12-29,104
1257,30,97,2023-07-07,159
1258,173,55,2024-01-16,168
1259,26,100,2023-09-06,62
1260,126,18,2025-05-25,30
1261,273,15,2023-10-06,26
1262,252,71,2023-04-18,61
1263,4,125,2024-11-16,11
1264,118,144,2023-11-09,16
1265,288,83,2023-06-02,2
1266,37,57,2025-03-04,50
1267,90,103,2024-11-07,4
1268,261,74,2024-11-10,103
1269,118,147,2025-04-28,122
1270,188,99,2023-03-06,21
1271,142,122,2023-02-16,47
1272,164,65,2024-08-05,10
1273,90,161,2024-11-06,18
1274,189,23,2024-03-14,69
1275,37,20,2024-08-02,88
1276,169,110,2023-10-06,3
1277,292,172,2023-04-04,74
1278,193,152,2023-08-05,19
1279,165,116,2024-07-14,64
1280,184,48,2023-03-03,123
1281,1,36,2023-01-19,65
1282,87,112,2023-06-12,2
1283,37,160,2025-06-06,128
1284,50,35,2025-01-16,23
1285,77,79,2023-03-17,52
1286,293,63,2025-02-08,111
1287,207,119,2024-06-28,73
1288,233,104,2023-02-07,122
1289,111,19,2023-06-18,28
1290,252,124,2023-08-25,11
1291,95,34,2024-03-24,84
1292,200,173,2025-02-21,4
1293,236,87,2024-12-13,61
1294,279,108,2023-12-27,31
1295,107,162,2024-12-02,37
1296,159,52,2023-04-29,12
1297,196,85,2023-11-13,13
1298,16,132,2024-11-19,75
1299,172,47,2023-08-27,32
1300,75,12,2023-06-12,16
1301,36,91,2025-05-12,4
1302,179,125,2025-04-06,13
1303,140,73,2024-07-30,82
1304,234,73,2024-05-06,1
1305,26,1,2023-05-24,108
1306,288,119,2024-02-10,40
1307,159,140,2024-11-12,112
1308,255,103,2023-11-01,37
1309,230,152,2024-04-05,30
1310,159,23,2024-03-05,52
1311,198,89,2024-03-12,5
1312,132,85,2023-02-03,2
1313,209,63,2023-12-28,81
1314,113,121,2023-07-23,3
1315,198,70,2024-08-01,110
1316,96,119,2024-03-27,11
1317,57,163,2024-08-02,92
1318,71,146,2024-12-13,98
1319,115,83,2023-07-30,7
1320,190,152,2024-04-22,24
1321,5,46,2024-01-12,23
1322,57,42,2024-06-25,21
1323,237,106,2024-11-21,53
1324,219,77,2023-08-29,11
1325,161,158,2023-10-24,34
1326,287,146,2025-02-20,86
1327,202,90,2025-08-02,19
1328,212,169,2024-03-21,32
1329,153,85,2025-02-10,17
1330,150,191,2023-08-15,40
1331,132,19,2025-03-21,20
1332,63,102,2024-08-06,39
1333,126,193,2024-09-14,32
1334,133,71,2024-08-15,116
1335,146,58,2024-08-11,18
1336,210,68,2023-01-18,34
1337,288,44,2023-05-30,15
1338,25,152,2023-12-03,17
1339,216,33,2024-09-11,47
1340,245,186,2023-08-12,137
1341,268,150,2025-05-28,35
1342,52,64,2023-06-11,14
1343,5,195,2024-08-07,115
1344,67,16,2024-12-08,45
1345,59,123,2025-02-18,6
1346,246,84,2023-11-05,67
1347,179,50,2023-10-21,21
1348,212,95,2023-12-11,121
1349,300,34,2025-05-29,17
1350,20,63,2023-01-11,11
1351,155,72,2024-08-03,56
1352,156,98,2023-03-07,19
1353,115,146,2023-02-25,8
1354,73,189,2025-06-14,92
1355,55,35,2025-03-08,30
1356,105,188,2025-06-03,119
1357,171,101,2025-06-04,46
1358,271,181,2024-09-01,26
1359,98,85,2024-08-19,22
1360,242,1,2024-07-22,111
1361,41,147,2024-09-16,56
1362,36,67,2024-12-23,47
1363,283,77,2023-07-13,34
1364,168,102,2024-02-02,15
1365,44,19,2023-08-17,35
1366,282,95,2023-02-19,53
1367,152,47,2023-07-15,105
1368,81,172,2025-01-28,18
1369,18,64,2023-07-19,40
1370,235,75,2023-07-07,34
1371,209,54,2024-11-02,14
1372,10,78,2023-08-26,85
1373,231,183,2024-08-16,14
1374,259,190,2024-12-10,102
1375,277,8,2023-02-03,71
1376,161,182,2024-12-25,19
1377,292,72,2024-01-26,75
1378,26,40,2025-06-26,12
1379,250,113,2025-06-29,74
1380,33,120,2023-09-27,25
1381,20,78,2023-08-01,108
1382,164,15,2023-06-08,15
1383,275,94,2023-02-18,42
1384,83,144,2024-09-16,36
1385,217,101,2023-12-13,24
1386,230,193,2023-12-11,94
1387,82,51,2023-07-25,18
1388,267,40,2024-09-30,30
1389,5,35,2023-01-17,35
1390,170,103,2024-08-10,7
1391,111,53,2025-06-17,2
1392,118,6,2023-08-13,51
1393,130,105,2024-04-24,113
1394,35,188,2024-12-09,32
1395,220,117,2024-01-09,3
1396,225,110,2023-05-26,100
1397,245,157,2024-09-16,45
1398,162,64,2025-07-09,96
1399,30,45,2023-10-12,42
1400,190,54,2023-02-27,11
1401,89,60,2025-01-22,38
1402,285,198,2023-09-22,63
1403,88,61,2023-01-30,7
1404,139,184,2025-07-28,9
1405,24,33,2024-07-07,19
1406,235,18,2025-03-29,5
1407,47,117,2025-01-04,42
1408,84,170,2025-03-27,9
1409,150,14,2025-06-21,48
1410,30,113,2025-04-13,106
1411,133,170,2025-06-23,35
1412,237,187,2025-03-05,7
1413,244,165,2024-10-13,127
1414,165,67,2024-02-28,14
1415,94,68,2023-02-21,25
1416,185,164,2024-07-08,30
1417,275,113,2023-06-07,121
1418,76,87,2024-06-01,9
1419,93,40,2023-11-21,6
1420,300,177,2023-12-18,50
1421,202,195,2024-06-30,73
1422,131,130,2025-01-12,38
1423,127,125,2023-09-13,21
1424,97,116,2024-08-10,10
1425,96,26,2023-05-14,22
1426,45,13,2023-05-03,118
1427,263,11,2023-08-30,90
1428,178,177,2024-07-20,54
1429,26,172,2025-07-27,10
1430,233,13,2025-06-02,125
1431,150,178,2023-02-06,52
1432,116,154,2023-06-04,46
1433,54,151,2024-09-26,80
1434,129,178,2023-12-30,12
1435,163,189,2025-06-26,29
1436,253,27,2023-06-26,12
1437,73,127,2024-02-02,33
1438,128,57,2024-07-24,59
1439,94,42,2023-01-22,47
1440,149,39,2023-05-28,15
1441,193,46,2024-01-21,21
1442,134,152,2025-06-19,21
1443,196,50,2025-07-19,7
1444,1,178,2024-07-06,53
1445,101,52,2023-10-24,38
1446,155,114,2025-06-17,5
1447,157,129,2025-05-10,133
1448,256,131,2024-09-05,149
1449,170,4,2023-10-05,60
1450,11,43,2023-01-11,111
1451,192,158,2024-11-30,25
1452,260,176,2023-12-24,10
1453,161,49,2025-03-17,58
1454,255,66,2024-09-30,47
1455,204,110,2024-10-11,85
1456,108,41,2025-06-17,41
1457,213,60,2023-10-02,12
1458,232,128,2024-04-30,41
1459,88,41,2025-07-22,46
1460,291,40,2023-01-18,54
1461,42,103,2023-12-24,35
1462,43,37,2025-04-08,35
1463,15,168,2024-01-13,74
1464,81,39,2024-08-29,37
1465,60,19,2023-11-27,50
1466,211,56,2023-02-13,10
1467,163,81,2025-02-14,86
1468,298,103,2023-08-27,28
1469,126,119,2024-11-15,20
1470,210,45,2025-04-26,40
1471,152,171,2025-02-21,62
1472,93,11,2024-03-17,49
1473,39,86,2024-11-10,67
1474,264,7,2024-10-23,86
1475,283,87,2023-04-10,25
1476,105,186,2023-04-20,58
1477,276,195,2025-05-21,11
1478,23,70,2024-08-10,137
1479,115,181,2025-05-26,11
1480,33,165,2023-03-27,46
1481,78,25,2025-04-28,23
1482,40,96,2025-02-06,76
1483,262,170,2025-07-22,8
1484,191,138,2023-06-07,112
1485,279,107,2024-07-02,64
1486,206,77,2025-07-04,2
1487,54,196,2024-08-19,8
1488,272,84,2023-09-26,69
1489,30,100,2023-11-13,40
1490,69,173,2023-01-01,6
1491,199,46,2024-08-06,32
1492,227,164,2024-06-21,62
1493,126,81,2024-06-17,42
1494,199,164,2024-02-16,37
1495,205,192,2023-11-15,100
1496,61,153,2024-03-21,9
1497,112,76,2024-11-05,47
1498,58,157,2023-05-25,92
1499,224,38,2023-07-03,10
1500,99,47,2023-01-18,79
1501,33,12,2023-10-19,21
1502,130,137,2023-08-11,102
1503,58,73,2025-01-20,63
1504,262,146,2025-03-02,29
1505,47,121,2025-06-02,29
1506,79,195,2024-02-21,151
1507,143,148,2024-12-08,17
1508,50,167,2023-06-14,132
1509,102,29,2025-01-23,6
1510,30,57,2025-06-15,56
1511,217,105,2023-01-22,44
1512,2,16,2023-01-06,90
1513,101,192,2023-06-15,70
1514,173,50,2024-07-11,13
1515,97,25,2023-01-04,42
1516,24,84,2025-04-09,23
1517,139,63,2025-06-26,136
1518,121,141,2024-12-27,1
1519,182,142,2024-12-06,21
1520,214,158,2023-06-25,43
1521,290,197,2024-09-18,4
1522,31,116,2024-02-12,56
1523,84,118,2025-02-13,112
1524,125,59,2023-07-01,143
1525,106,129,2024-09-16,99
1526,105,55,2025-04-14,124
1527,209,192,2023-03-27,65
1528,173,163,2023-04-27,104
1529,91,102,2024-04-10,7
1530,127,112,2024-07-19,40
1531,56,1,2023-03-18,49
1532,80,170,2024-06-01,11
1533,103,58,2025-01-04,39
1534,79,26,2024-11-20,139
1535,261,188,2023-08-18,90
1536,96,119,2025-01-24,77
1537,33,136,2024-05-03,21
1538,11,104,2025-07-06,124
1539,253,99,2023-04-08,3
1540,217,194,2024-10-06,95
1541,298,43,2023-01-07,82
1542,276,134,2023-04-13,168
1543,137,64,2025-02-27,10
1544,66,120,2024-09-13,57
1545,210,30,2024-04-16,65
1546,57,91,2024-08-30,54
1547,297,137,2024-10-20,32
1548,278,178,2023-11-03,23
1549,255,46,2025-01-22,2
1550,78,180,2024-02-05,97
1551,189,179,2025-04-21,52
1552,274,99,2025-02-21,11
1553,182,148,2025-04-29,4
1554,71,83,2024-04-03,27
1555,158,158,2024-06-03,38
1556,290,42,2023-12-18,42
1557,115,155,2023-10-07,112
1558,5,196,2024-03-31,20
1559,70,149,2025-06-01,78
1560,12,114,2023-10-02,122
1561,74,196,2024-09-24,27
1562,217,152,2023-11-08,3
1563,225,147,2024-09-25,102
1564,249,6,2024-07-29,1
1565,284,153,2024-04-13,20
1566,255,66,2024-07-26,91
1567,293,73,2024-02-20,36
1568,39,131,2023-07-18,156
1569,259,78,2023-04-26,53
1570,237,63,2023-10-23,118
1571,266,162,2023-12-18,14
1572,205,188,2024-08-18,138
1573,274,28,2024-01-25,19
1574,300,137,2023-01-29,34
1575,149,81,2023-01-11,102
1576,86,170,2024-10-17,33
1577,202,3,2023-12-01,22
1578,61,9,2023-06-17,26
1579,72,118,2023-02-10,102
1580,205,75,2024-07-20,8
1581,10,140,2023-07-03,70
1582,274,65,2024-01-03,67
1583,54,198,2023-08-15,1
1584,285,139,2024-08-09,36
1585,98,171,2025-04-03,3
1586,169,124,2023-11-09,86
1587,277,142,2023-08-31,80
1588,243,68,2025-05-03,7
1589,284,89,2024-03-01,31
1590,8,39,2025-08-05,58
1591,190,4,2023-02-18,1
1592,109,12,2024-11-26,45
1593,200,195,2024-11-26,104
1594,53,152,2025-06-28,28
1595,183,166,2023-07-28,3
1596,184,100,2023-10-27,13
1597,286,67,2025-02-24,73
1598,99,113,2024-07-08,76
1599,222,115,2024-08-06,7
1600,258,195,2024-05-06,5
1601,61,136,2024-04-28,11
1602,213,165,2025-04-02,9
1603,16,29,2024-10-08,53
1604,219,96,2025-06-28,32
1605,25,60,2023-10-05,19
1606,156,65,2023-05-15,77
1607,23,101,2024-05-10,36
1608,176,109,2024-07-26,103
1609,192,43,2023-11-05,121
1610,20,97,2023-05-26,33
1611,60,83,2025-07-21,45
1612,224,123,2023-05-21,41
1613,218,197,2023-07-02,12
1614,93,32,2024-09-15,2
1615,170,61,2023-08-09,30
1616,151,113,2025-03-23,8
1617,133,128,2023-11-11,62
1618,200,78,2024-07-08,37
1619,167,96,2024-09-03,58
1620,224,84,2023-06-24,13
1621,119,137,2023-08-19,41
1622,4,126,2025-04-30,21
1623,71,74,2023-12-08,90
1624,112,27,2023-06-20,45
1625,29,1,2025-01-28,64
1626,202,33,2024-11-05,12
1627,47,18,2025-01-04,121
1628,122,200,2024-10-17,37
1629,238,127,2023-06-10,55
1630,139,138,2024-10-19,64
1631,178,143,2023-11-25,87
1632,165,142,2023-11-29,22
1633,93,150,2024-11-15,40
1634,88,175,2025-05-11,45
1635,72,183,2025-05-29,11
1636,52,104,2023-04-29,129
1637,168,126,2024-01-13,22
1638,230,18,2023-02-26,87
1639,27,136,2025-05-22,41
1640,25,93,2023-11-12,77
1641,48,67,2024-04-03,59
1642,158,69,2024-04-27,30
1643,188,164,2023-08-08,46
1644,73,77,2024-03-24,112
1645,271,188,2025-01-31,76
1646,58,119,2023-05-02,46
1647,298,77,2024-12-20,104
1648,293,118,2023-07-24,67
1649,149,155,2023-07-28,10
1650,171,60,2024-05-15,33
1651,274,8,2023-08-16,25
1652,64,136,2023-08-11,27
1653,43,18,2024-12-05,52
1654,123,165,2024-06-17,154
1655,94,110,2023-02-08,66
1656,243,130,2024-07-01,45
1657,286,18,2023-12-28,45
1658,246,140,2024-05-01,51
1659,5,74,2025-04-27,112
1660,95,81,2024-12-01,9
1661,161,47,2023-05-06,114
1662,157,105,2023-12-01,55
1663,168,187,2023-08-20,31
1664,263,13,2023-04-14,132
1665,290,28,2023-12-31,28
1666,245,49,2023-10-27,36
1667,196,128,2023-03-31,62
1668,227,191,2024-01-23,21
1669,204,151,2023-03-08,40
1670,115,54,2025-04-13,51
1671,70,151,2024-09-11,74
1672,132,97,2024-10-06,111
1673,135,88,2023-02-23,8
1674,19,29,2023-02-19,88
1675,246,59,2024-08-14,5
1676,273,60,2025-05-02,22
1677,84,25,2024-12-22,11
1678,277,153,2024-02-24,34
1679,149,74,2023-06-24,76
1680,200,71,2025-01-23,132
1681,265,77,2024-09-26,97
1682,235,150,2024-01-15,57
1683,88,144,2025-07-21,48
1684,252,85,2024-10-12,46
1685,293,90,2025-02-11,34
1686,65,133,2025-01-29,8
1687,27,46,2023-05-27,5
1688,226,191,2024-08-20,60
1689,276,156,2024-11-07,5
1690,71,77,2024-06-25,70
1691,97,164,2024-09-15,111
1692,232,21,2024-04-18,2
1693,169,193,2024-08-17,68
1694,154,68,2025-08-05,22
1695,51,69,2025-03-24,27
1696,218,128,2025-02-17,21
1697,268,101,2024-06-19,14
1698,43,47,2025-01-13,56
1699,16,54,2024-06-24,65
1700,175,193,2024-03-20,109
1701,275,30,2025-03-04,11
1702,296,63,2024-09-16,126
1703,276,21,2023-10-09,121
1704,173,148,2023-01-12,29
1705,12,189,2025-03-25,159
1706,294,162,2025-05-16,11
1707,54,114,2024-04-24,148
1708,25,95,2023-11-20,38
1709,287,109,2025-08-04,109
1710,300,54,2023-08-15,106
1711,192,23,2024-10-05,169
1712,161,191,2024-05-31,69
1713,11,194,2025-01-09,119
1714,7,197,2025-05-06,43
1715,164,50,2023-05-10,22
1716,203,6,2025-02-03,32
1717,63,148,2023-09-04,26
1718,300,21,2023-01-11,32
1719,273,33,2025-05-23,37
1720,243,79,2023-05-18,81
1721,179,32,2023-09-07,93
1722,219,11,2024-08-10,8
1723,272,84,2025-04-26,69
1724,52,129,2025-01-04,32
1725,22,73,2023-12-02,8
1726,70,77,2023-08-06,92
1727,237,53,2024-02-15,9
1728,176,179,2025-03-25,101
1729,272,128,2023-07-30,49
1730,206,36,2025-07-25,113
1731,41,56,2024-12-07,23
1732,261,185,2024-09-05,52
1733,291,63,2023-08-03,91
1734,124,159,2023-03-03,2
1735,171,140,2023-11-26,111
1736,47,94,2024-10-10,75
1737,231,171,2023-09-10,6
1738,172,99,2025-04-20,25
1739,123,150,2024-05-14,73
1740,96,92,2023-12-22,102
1741,60,26,2024-01-24,75
1742,127,101,2024-11-26,79
1743,22,169,2023-05-18,66
1744,123,121,2024-05-12,12
1745,234,8,2025-05-25,21
1746,279,153,2024-03-07,42
1747,194,105,2023-01-05,88
1748,128,76,2023-07-01,134
1749,43,97,2025-04-06,66
1750,132,18,2025-04-16,106
1751,40,9,2025-07-03,7
1752,237,83,2024-10-11,27
1753,172,138,2025-06-12,77
1754,210,68,2023-02-13,24
1755,64,10,2023-07-13,144
1756,280,1,2023-05-19,126
1757,110,3,2023-09-28,19
1758,250,108,2023-08-02,55
1759,69,131,2025-06-12,27
1760,135,163,2023-09-23,70
1761,233,30,2024-06-25,30
1762,163,55,2025-08-06,6
1763,295,106,2024-08-11,12
1764,215,127,2024-02-16,34
1765,2,146,2023-06-27,45
1766,259,138,2025-02-20,72
1767,261,117,2025-02-22,70
1768,164,194,2023-12-26,29
1769,122,197,2023-12-03,35
1770,233,35,2025-05-16,126
1771,64,117,2023-09-30,51
1772,11,165,2024-03-11,142
1773,287,31,2025-03-18,28
1774,197,70,2025-03-05,9
1775,104,79,2023-08-02,129
1776,268,17,2024-06-03,64
1777,106,141,2024-04-26,114
1778,184,132,2023-08-16,30
1779,110,104,2023-10-18,122
1780,231,4,2025-04-29,33
1781,49,60,2025-01-04,1
1782,7,160,2025-07-24,29
1783,179,50,2024-06-08,27
1784,215,6,2023-07-10,140
1785,66,102,2023-05-17,23
1786,136,43,2023-02-10,119
1787,135,18,2024-11-01,44
1788,120,22,2024-09-17,9
1789,183,116,2024-04-17,18
1790,4,69,2025-02-15,36
1791,34,6,2023-02-27,177
1792,254,177,2024-08-28,35
1793,52,145,2023-08-09,11
1794,139,96,2025-03-10,62
1795,283,165,2023-03-19,16
1796,248,183,2024-09-22,10
1797,51,163,2025-08-03,37
1798,74,193,2023-10-11,70
1799,239,8,2024-08-24,72
1800,244,39,2025-02-01,50
1801,131,148,2024-02-21,7
1802,94,46,2024-01-18,6
1803,254,77,2025-03-23,19
1804,95,75,2023-01-15,34
1805,110,45,2024-03-05,7
1806,56,137,2025-04-28,80
1807,27,10,2023-07-17,79
1808,196,135,2024-03-17,26
1809,196,56,2023-02-21,31
1810,7,39,2024-07-13,52
1811,230,178,2024-10-30,11
1812,29,39,2025-03-08,5
1813,17,153,2023-12-10,16
1814,201,107,2025-01-08,18
1815,36,147,2024-01-05,51
1816,210,140,2024-08-20,8
1817,6,87,2024-04-21,61
1818,161,8,2023-03-03,13
1819,254,63,2023-05-20,86
1820,289,4,2023-01-27,103
1821,237,56,2024-09-22,30
1822,46,49,2025-02-09,5
1823,232,44,2023-06-14,6
1824,56,53,2024-07-07,105
1825,195,145,2023-02-12,33
1826,242,20,2024-11-01,100
1827,254,37,2023-07-10,31
1828,13,65,2023-11-20,91
1829,144,191,2024-02-22,15
1830,254,29,2024-08-06,43
1831,281,18,2024-04-30,2
1832,233,66,2023-11-10,63
1833,209,14,2023-05-29,106
1834,116,195,2023-11-05,76
1835,68,48,2024-01-05,37
1836,48,166,2024-02-11,2
1837,74,88,2023-07-05,55
1838,139,194,2023-03-26,37
1839,9,150,2023-10-06,40
1840,229,122,2025-06-23,24
1841,193,158,2023-01-24,14
1842,94,108,2024-10-18,46
1843,162,25,2023-08-19,17
1844,241,105,2023-03-22,120
1845,154,185,2024-07-24,4
1846,69,70,2023-12-20,92
1847,300,139,2023-12-26,8
1848,196,10,2023-05-15,28
1849,55,148,2024-11-14,4
1850,164,138,2024-08-18,24
1851,88,111,2024-07-07,52
1852,147,188,2024-09-13,138
1853,212,66,2024-05-05,143
1854,220,132,2024-11-21,54
1855,65,55,2024-04-19,98
1856,31,3,2024-05-27,68
1857,138,80,2024-04-12,34
1858,13,131,2025-02-06,60
1859,225,169,2024-07-24,12
1860,290,29,2024-08-08,9
1861,252,75,2024-09-26,17
1862,44,112,2023-11-04,6
1863,26,104,2024-08-07,52
1864,202,156,2025-01-17,9
1865,102,84,2023-08-24,36
1866,277,69,2024-06-06,56
1867,139,115,2023-02-10,65
1868,81,31,2023-08-18,147
1869,271,106,2023-11-23,71
1870,222,48,2023-06-01,3
1871,87,17,2023-06-20,26
1872,252,176,2025-01-30,19
1873,8,92,2025-07-13,43
1874,1,54,2025-02-18,28
1875,2,16,2023-01-22,5
1876,281,133,2024-01-21,16
1877,150,191,2025-01-01,52
1878,233,62,2024-08-30,15
1879,3,1,2024-06-12,134
1880,293,197,2025-03-07,37
1881,47,32,2023-09-16,16
1882,208,1,2023-01-24,149
1883,48,99,2024-08-04,10
1884,121,36,2024-12-02,127
1885,104,117,2025-01-29,149
1886,273,198,2024-08-14,59
1887,23,100,2023-01-10,70
1888,173,77,2024-07-10,108
1889,43,141,2024-03-11,123
1890,133,100,2023-09-08,6
1891,26,6,2025-08-01,153
1892,264,71,2024-12-01,57
1893,128,112,2023-05-02,13
1894,126,115,2023-03-26,13
1895,268,22,2023-11-22,24
1896,285,166,2024-01-14,34
1897,169,129,2023-05-25,147
1898,159,39,2023-01-19,25
1899,134,171,2023-01-13,5
1900,186,53,2023-11-28,98
1901,123,72,2024-02-27,53
1902,16,115,2023-11-26,49
1903,295,156,2024-09-03,17
1904,146,149,2025-06-30,35
1905,208,111,2024-03-28,19
1906,28,25,2023-03-01,71
1907,71,69,2025-06-21,83
1908,9,36,2024-12-24,139
1909,47,177,2024-06-03,20
1910,71,168,2023-08-16,66
1911,229,153,2025-08-02,19
1912,1,39,2025-07-01,51
1913,73,9,2024-06-27,23
1914,257,18,2024-05-23,68
1915,167,35,2024-04-23,59
1916,184,164,2023-07-17,53
1917,160,41,2023-08-16,45
1918,233,5,2023-01-09,38
1919,45,41,2024-09-26,13
1920,287,36,2024-07-18,180
1921,170,28,2024-07-16,8
1922,215,18,2024-10-05,46
1923,168,89,2024-08-01,3
1924,147,171,2025-06-06,58
1925,204,30,2025-06-23,5
1926,32,119,2024-09-08,23
1927,113,15,2023-09-28,28
1928,210,7,2023-02-25,11
1929,66,144,2023-09-06,67
1930,74,118,2023-03-30,8
1931,46,186,2025-06-19,45
1932,103,33,2024-08-04,48
1933,219,18,2023-12-26,23
1934,65,8,2024-11-01,34
1935,273,184,2024-01-19,1
1936,255,189,2024-03-15,112
1937,167,58,2025-04-14,50
1938,133,80,2024-01-26,6
1939,157,168,2023-07-01,19
1940,226,108,2023-08-13,39
1941,197,7,2023-04-20,80
1942,46,86,2023-08-31,2
1943,188,128,2025-01-06,27
1944,159,126,2025-05-15,39
1945,133,61,2023-12-25,18
1946,216,22,2024-05-17,105
1947,274,44,2023-06-17,21
1948,52,192,2024-11-26,17
1949,235,172,2023-07-07,51
1950,232,1,2024-06-05,101
1951,215,181,2025-04-08,25
1952,180,179,2025-03-12,52
1953,79,34,2023-10-10,10
1954,227,105,2025-05-22,140
1955,227,131,2025-05-26,70
1956,151,122,2024-04-23,107
1957,42,170,2023-06-13,4
1958,107,93,2023-01-16,5
1959,212,28,2025-04-05,33
1960,156,129,2024-08-02,124
1961,155,38,2023-05-09,31
1962,161,70,2025-04-11,54
1963,158,14,2023-11-11,93
1964,215,190,2025-02-10,97
1965,281,40,2023-04-24,20
1966,45,87,2025-03-20,56
1967,130,155,2025-01-25,92
1968,84,92,2023-09-20,74
1969,89,5,2024-02-14,36
1970,145,165,2025-04-18,23
1971,64,26,2024-11-17,127
1972,101,140,2024-07-17,21
1973,272,38,2024-04-19,32
1974,2,172,2024-03-15,30
1975,158,58,2023-12-12,44
1976,148,129,2025-06-14,129
1977,92,186,2023-03-08,136
1978,265,71,2024-08-23,108
1979,275,6,2024-02-19,104
1980,133,199,2023-01-19,45
1981,51,26,2023-02-14,47
1982,47,42,2025-04-14,113
1983,190,80,2023-07-20,85
1984,143,22,2025-04-01,48
1985,127,8,2023-05-02,91
1986,206,14,2023-11-15,79
1987,271,109,2023-01-05,62
1988,255,37,2023-04-13,130
1989,198,14,2023-03-01,26
1990,84,16,2024-12-16,52
1991,54,153,2024-04-02,36
1992,26,21,2023-04-02,104
1993,142,9,2023-01-14,14
1994,153,122,2025-04-12,15
1995,124,28,2025-02-07,32
1996,51,151,2025-04-22,60
1997,285,107,2023-02-16,100
1998,54,162,2025-02-14,25
1999,80,195,2023-12-30,158
2000,27,185,2024-06-03,34
